scheme_name,category,sub_category,risk_level,rating,expense_ratio,fund_size_cr,fund_age_yr,sharpe,alpha,beta,returns_1yr,returns_3yr,returns_5yr,min_sip
Aditya Birla SL Active Debt Multi-Mgr FoF-Dir Growth,Other,FoFs Domestic,3,3,0.27,10.0,10,0.24,2.24,0.01,4.0,6.5,6.9,100
Aditya Birla SL Arbitrage Fund,Hybrid,Arbitrage Mutual Funds,1,3,0.36,4288.0,10,1.1,1.53,0.56,5.6,4.8,5.5,1000
Aditya Birla SL Asset Allocator FoF-Dir Growth,Other,FoFs Domestic,5,3,0.53,157.0,10,1.42,2.67,0.67,2.0,18.9,9.7,1000
Aditya Birla SL Bal Bhavishya Yojna – Dir Growth,Solution Oriented,Childrens Funds,6,2,0.76,637.0,4,0.9,-6.37,0.85,-0.7,17.1,8.9,500
Aditya Birla SL Balanced Advantage Fund,Hybrid,Dynamic Asset Allocation or Balanced Advantage,6,4,0.61,6386.0,10,1.39,1.99,0.68,4.5,18.6,9.7,100
Aditya Birla SL Banking&Financial Services-DirGrowth,Equity,Sectoral / Thematic Mutual Funds,6,2,1.17,2384.0,9,0.97,1.24,0.96,5.3,24.6,9.2,1000
Aditya Birla SL Banking&PSU Debt Fund,Debt,Banking and PSU Mutual Funds,3,4,0.37,7994.0,10,1.09,4.46,1.78,4.5,6.8,7.3,1000
Aditya Birla SL CEF – Global Agri Plan-Direct Growth,Equity,Sectoral / Thematic Mutual Funds,6,0,1.29,15.0,10,1.06,-,-,-10.3,29.4,9.3,1000
Aditya Birla SL Corporate Bond Fund,Debt,Corporate Bond Mutual Funds,2,4,0.31,12120.0,10,1.35,2.38,0.78,4.9,7.1,7.4,100
Aditya Birla SL Credit Risk Fund,Debt,Credit Risk Funds,4,4,0.69,1032.0,8,1.47,3.01,-0.95,8.7,9.0,7.2,100
Aditya Birla SL Digital India Fund,Equity,Sectoral / Thematic Mutual Funds,6,0,0.88,3338.0,10,1.53,9.37,0.83,-14.6,39.8,21.1,100
Aditya Birla SL Dividend Yield Fund,Equity,Dividend Yield Funds,6,0,1.73,850.0,10,1.58,5.04,0.85,6.2,30.5,10.0,1000
Aditya Birla SL Dynamic Bond Fund,Debt,Dynamic Bond,3,5,0.64,1795.0,10,1.02,3.02,0.91,7.5,8.0,6.0,1000
Aditya Birla SL Equity Advantage Fund,Equity,Large & Mid Cap Funds,6,1,1.14,4836.0,10,1.16,-2.06,0.98,-9.9,22.3,7.9,1000
Aditya Birla SL Equity Hybrid ’95 Fund,Hybrid,Aggressive Hybrid Mutual Funds,6,2,1.01,7046.0,10,1.33,1.43,0.85,-5.7,20.4,7.7,100
Aditya Birla SL Equity Savings Fund,Hybrid,Equity Savings Mutual Funds,4,2,1.21,451.0,8,1.2,1.11,0.99,0.8,11.7,6.9,1000
Aditya Birla SL Flexi Cap Fund,Equity,Flexi Cap Funds,6,3,0.86,15449.0,10,1.27,-1.46,0.96,-2.1,25.0,10.4,100
Aditya Birla SL Floating Rate Fund,Debt,Floater Mutual Funds,2,5,0.23,12364.0,10,1.66,3.73,1.37,5.8,6.4,6.8,1000
Aditya Birla SL Focused Equity Fund,Equity,Focused Funds,6,3,1.06,5633.0,10,1.26,-1.14,0.95,-0.7,24.0,10.7,1000
Aditya Birla SL FP FoF – Aggressive – Direct Growth,Other,FoFs Domestic,6,3,0.22,159.0,10,1.4,1.65,0.8,2.5,21.7,10.7,100
Aditya Birla SL FP FoF – Conservative – Direct Growth,Other,FoFs Domestic,4,4,0.34,14.0,10,1.57,1.94,0.36,4.7,13.3,8.2,100
Aditya Birla SL FP FoF – Moderate – Direct Growth,Other,FoFs Domestic,5,3,0.36,28.0,10,1.44,1.69,0.58,3.7,17.3,9.4,100
Aditya Birla SL Frontline Equity Fund,Equity,Large Cap Mutual Funds,6,3,1.03,21131.0,10,1.39,0.76,0.95,1.6,26.3,10.6,100
Aditya Birla SL Global Emerging Oppt Fund,Other,FoFs Overseas,6,0,0.7,261.0,10,0.7,-,-,-5.7,18.8,8.3,100
Aditya Birla SL Gold Fund,Other,FoFs Domestic,5,2,0.15,278.0,10,0.45,-0.57,0.97,11.8,12.1,13.2,100
Aditya Birla SL Govt Securities Fund,Debt,Gilt Mutual Funds,3,3,0.29,1351.0,10,0.57,1.09,0.73,3.6,6.0,8.0,1000
Aditya Birla SL Income Fund,Debt,Medium to Long Duration Funds,3,4,0.49,1496.0,10,0.64,1.69,1.51,3.5,7.1,7.7,1000
Aditya Birla SL India GenNext Fund,Equity,Sectoral / Thematic Mutual Funds,6,3,0.82,3217.0,10,1.43,3.33,0.79,4.6,25.0,13.3,1000
Aditya Birla SL Infrastructure Fund,Equity,Sectoral / Thematic Mutual Funds,6,2,1.7,562.0,10,1.4,4.38,0.85,13.5,35.6,9.2,1000
Aditya Birla SL Inter Equity – Plan A-Direct Growth,Equity,Sectoral / Thematic Mutual Funds,6,0,1.75,108.0,10,0.81,-,-,0.9,17.7,10.4,1000
Aditya Birla SL Inter Equity – Plan B-Direct Growth,Equity,Sectoral / Thematic Mutual Funds,6,0,2.15,90.0,10,1.14,-1.93,0.87,-4.1,22.7,7.6,1000
Aditya Birla SL Liquid Fund,Debt,Liquid Mutual Funds,3,4,0.21,28071.0,10,1.06,1.49,0.8,5.7,4.4,5.4,500
Aditya Birla SL Low Duration Fund,Debt,Low Duration Funds,3,4,0.39,10035.0,10,2.05,3.33,1,5.7,6.5,7.0,100
Aditya Birla SL Manufacturing Equity Fund,Equity,Sectoral / Thematic Mutual Funds,6,0,1.56,613.0,8,1.18,-1.7,0.83,-2.9,21.7,6.8,1000
Aditya Birla SL Medium Term Plan – Direct Growth,Debt,Medium Duration Funds,4,5,0.86,1652.0,10,0.93,9.65,1.12,22.1,14.5,8.6,1000
Aditya Birla SL Midcap Fund,Equity,Mid Cap Mutual Funds,6,1,1.2,3436.0,10,1.54,-0.81,0.89,-3.6,28.0,8.3,1000
Aditya Birla SL Money Manager Fund,Debt,Money Market Funds,3,4,0.21,13095.0,10,1.94,3.06,1.31,5.6,5.6,6.4,1000
Aditya Birla SL Nifty 50 Index Fund,Other,Index Funds,6,3,0.32,494.0,10,1.29,-0.87,0.99,0.7,25.5,11.6,1000
Aditya Birla SL Overnight Fund,Debt,Overnight Mutual Funds,1,3,0.07,13399.0,4,0.02,0.58,0.43,5.4,3.9,8.9,0
Aditya Birla SL Pure Value Fund,Equity,Value Funds,6,1,1.12,3798.0,10,1.36,3.41,0.99,3.0,29.8,4.3,1000
Aditya Birla SL Regular Savings Fund,Hybrid,Conservative Hybrid Mutual Funds,4,3,0.92,1585.0,10,2.08,5.71,0.6,3.6,13.9,7.6,500
Aditya Birla SL Retirement-The 30s Plan-Dir Growth,Solution Oriented,Retirement Funds,6,2,1.06,258.0,4,0.94,-5.61,0.84,0.0,17.9,8.9,500
Aditya Birla SL Retirement-The 40s Plan-Dir Growth,Solution Oriented,Retirement Funds,6,2,1.07,91.0,4,0.93,-3.14,0.77,-0.1,15.0,8.9,500
Aditya Birla SL Retirement-The 50s Plan-Dir Growth,Solution Oriented,Retirement Funds,4,2,0.63,27.0,4,0.13,-2.04,0.34,3.0,4.6,8.9,500
Aditya Birla SL Retirement-The 50sPlus-Debt-DirGrowth,Solution Oriented,Retirement Funds,3,1,0.85,26.0,4,0.18,0.09,1.09,2.9,4.6,8.9,500
Aditya Birla SL Savings Fund,Debt,Ultra Short Duration Funds,3,4,0.34,14457.0,10,1.96,2.64,0.86,5.5,5.8,6.5,1000
Aditya Birla SL Short Term Fund,Debt,Short Duration Funds,3,4,0.38,5045.0,10,1.57,4.91,1.27,5.5,7.8,7.6,1000
Aditya Birla SL Small Cap Fund,Equity,Small Cap Mutual Funds,6,1,1.04,2901.0,10,1.51,-0.73,0.89,-2.3,31.6,5.4,1000
Aditya Birla SL Tax Relief ’96 – Direct Growth,Equity,ELSS Mutual Funds,6,1,0.93,12755.0,10,0.83,-7.68,0.87,-3.0,16.1,5.8,500
AXIS All Seasons Debt Fund,Other,FoFs Domestic,4,4,0.22,161.0,3,1.02,1.88,0.8,4.7,6.2,8.9,1000
AXIS Arbitrage Fund,Hybrid,Arbitrage Mutual Funds,1,4,0.31,3085.0,9,1.21,1.41,0.44,5.6,4.9,5.6,1000
AXIS Balanced Advantage Fund,Hybrid,Dynamic Asset Allocation or Balanced Advantage,6,2,0.7,2077.0,6,1.05,-1.23,0.53,1.2,12.4,8.0,1000
AXIS Banking & PSU Debt Fund,Debt,Banking and PSU Mutual Funds,3,4,0.33,13953.0,10,1.11,3.83,1.62,4.5,6.4,7.2,1000
AXIS Bluechip Fund,Equity,Large Cap Mutual Funds,6,4,0.63,33049.0,10,0.9,-5.97,0.89,-6.1,17.3,12.1,500
AXIS Children’s Gift Fund,Solution Oriented,Childrens Funds,6,0,1.06,685.0,7,1.1,-1.6,0.86,-6.5,17.8,10.1,1000
AXIS Corporate Debt Fund,Debt,Corporate Bond Mutual Funds,3,5,0.22,3783.0,6,1.28,2.46,0.67,4.9,7.5,7.3,1000
AXIS Credit Risk Fund,Debt,Credit Risk Funds,4,4,0.81,620.0,9,1.77,3.22,0.26,5.4,7.4,6.8,1000
AXIS Dynamic Bond Fund,Debt,Dynamic Bond,3,2,0.26,1733.0,10,0.45,1.2,1.84,3.4,6.5,7.7,1000
AXIS Equity Hybrid Fund,Hybrid,Aggressive Hybrid Mutual Funds,6,2,0.89,1699.0,5,1.09,-1.88,0.87,-4.9,17.4,8.9,1000
AXIS Equity Saver Fund,Hybrid,Equity Savings Mutual Funds,4,3,0.88,978.0,8,1.19,0.66,1.16,1.4,12.7,8.8,1000
AXIS Flexi Cap Fund,Equity,Flexi Cap Funds,6,4,0.7,10077.0,5,0.92,-5.98,0.89,-8.3,17.9,12.3,500
AXIS Floater Fund,Debt,Floater Mutual Funds,2,2,0.16,416.0,2,-,-,-,5.8,18.5,8.9,1000
AXIS Focused 25 Fund,Equity,Focused Funds,6,2,0.74,15139.0,10,0.74,-10.67,1.04,-14.7,14.8,8.9,500
AXIS FTP – Series 104 – 1112Days,Debt,Fixed Maturity Plans,2,0,0.13,110.0,4,2.19,5.29,2.36,11.2,14.5,14.0,0
AXIS FTP – Series 109 – 111Days,Debt,Fixed Maturity Plans,3,0,0.0,565.0,1,-,-,-,11.2,14.5,14.0,0
AXIS Gilt Fund,Debt,Gilt Mutual Funds,3,4,0.39,133.0,10,0.6,1.09,0.56,4.0,5.9,7.9,1000
AXIS Gold Fund,Other,FoFs Domestic,5,4,0.17,290.0,10,0.49,-0.04,0.97,14.5,12.0,13.7,1000
AXIS Growth Opportunities Fund,Equity,Large & Mid Cap Funds,6,3,0.59,8053.0,4,1.28,1.19,0.91,-6.4,26.5,8.9,1000
AXIS Liquid Fund,Debt,Liquid Mutual Funds,2,4,0.15,27226.0,10,0.96,1.41,0.78,5.7,4.3,5.4,0
AXIS Long Term Equity Fund,Equity,ELSS Mutual Funds,6,2,0.85,28754.0,10,0.75,-9.98,1.02,-11.1,15.7,9.4,500
AXIS Midcap Fund,Equity,Mid Cap Mutual Funds,6,5,0.57,18920.0,10,1.4,-2.25,0.81,-2.5,25.2,15.8,500
AXIS Money Market Fund,Debt,Money Market Funds,2,4,0.21,4002.0,4,1.91,2.81,1.22,5.6,5.4,8.9,1000
AXIS Nifty 100 Index Fund,Other,Index Funds,6,3,0.15,953.0,3,1.24,-1.76,0.99,-1.7,25.1,8.9,1000
AXIS Overnight Fund,Debt,Overnight Mutual Funds,1,4,0.05,12566.0,4,0.09,0.62,0.44,5.4,3.9,8.9,0
AXIS Regular Saver Fund,Hybrid,Conservative Hybrid Mutual Funds,4,3,0.86,407.0,10,1.37,1.34,0.71,1.8,10.9,7.0,1000
AXIS Retirement Savings Fund,Solution Oriented,Retirement Funds,6,2,0.6,270.0,3,0.79,-4.95,0.85,-1.3,13.6,8.9,1000
AXIS Retirement Savings Fund,Solution Oriented,Retirement Funds,5,2,0.41,81.0,3,1.04,-0.04,0.83,-2.5,10.3,8.9,1000
AXIS Retirement Savings Fund,Solution Oriented,Retirement Funds,6,1,0.65,633.0,3,0.76,-4.49,0.78,-4.1,14.0,8.9,1000
AXIS Short Term Fund,Debt,Short Duration Funds,3,4,0.3,7096.0,10,1.38,4.6,1.78,4.9,6.9,7.4,1000
AXIS Small Cap Fund,Equity,Small Cap Mutual Funds,6,5,0.54,11462.0,9,2.06,8.34,0.66,3.4,34.5,19.4,500
AXIS Strategic Bond Fund,Debt,Medium Duration Funds,4,4,0.39,1644.0,10,1.46,2.56,0.7,5.2,7.4,7.4,1000
AXIS Treasury Advantage Fund,Debt,Low Duration Funds,2,4,0.29,4614.0,10,1.75,3.09,1.17,5.3,5.9,6.6,1000
AXIS Triple Advantage Fund,Hybrid,Multi Asset Allocation Mutual Funds,6,2,0.72,1478.0,10,1.08,-2.21,0.91,-5.1,18.1,10.4,1000
AXIS Ultra Short Term Fund,Debt,Ultra Short Duration Funds,3,4,0.31,4491.0,5,2.25,2.29,0.81,5.7,5.4,8.9,1000
Bandhan Asset Allocation FoF – Moderate – Direct Growth,Other,FoFs Domestic,5,0,0.42,16.0,10,1.31,0.73,0.43,1.3,12.7,6.9,100
Bandhan FTP – Sr.179,Debt,Fixed Maturity Plans,3,0,0.05,286.0,4,0.64,9.78,5.4,4.4,6.2,8.9,0
Bank of India Arbitrage Fund,Hybrid,Arbitrage Mutual Funds,1,1,0.98,12.0,5,-0.78,0.24,0.52,4.2,3.4,8.9,1000
Bank of India Balanced Advantage Fund,Hybrid,Dynamic Asset Allocation or Balanced Advantage,6,2,2.07,90.0,9,0.81,-1.05,0.54,13.6,12.1,5.1,1000
Bank of India Conservative Hybrid Fund,Hybrid,Conservative Hybrid Mutual Funds,3,4,2.2,63.0,10,0.93,6.44,0.64,22.3,15.5,6.4,1000
Bank of India Credit Risk Fund,Debt,Credit Risk Funds,4,5,1.54,161.0,8,0.38,-13.36,-31.86,130.8,12.8,-4.1,0
Bank of India Large & Mid Cap Equity Fund,Equity,Large & Mid Cap Funds,6,2,1.89,204.0,10,1.4,1.7,0.88,2.7,25.6,9.5,1000
Bank of India Liquid Fund,Debt,Liquid Mutual Funds,2,4,0.18,403.0,10,0.92,1.38,0.76,5.7,4.3,5.3,0
Bank of India Manufacturing & Infrastr Fund,Equity,Sectoral / Thematic Mutual Funds,6,4,1.55,87.0,10,1.8,12.2,0.54,7.6,35.4,11.5,1000
Bank of India Mid & Small Cap Equity & Debt Fund,Hybrid,Aggressive Hybrid Mutual Funds,6,4,1.92,380.0,7,1.59,10.87,0.75,-0.3,29.3,10.4,1000
Bank of India Midcap Tax Fund,Equity,ELSS Mutual Funds,6,0,0.95,51.0,5,1.38,3.13,0.87,-4.1,27.1,10.6,0
Bank of India Midcap Tax Fund,Equity,ELSS Mutual Funds,6,0,0.56,26.0,4,1.36,2.58,0.87,-4.7,26.0,8.9,0
Bank of India Overnight Fund,Debt,Overnight Mutual Funds,1,5,0.17,82.0,3,0.39,0.76,0.47,5.5,4.0,8.9,0
Bank of India Short Term Income – Direct Growth,Debt,Short Duration Funds,2,5,0.98,72.0,10,0.43,3.58,-0.99,28.3,8.8,4.0,1000
Bank of India Small Cap Fund,Equity,Small Cap Mutual Funds,6,4,1.52,414.0,4,1.93,8.58,0.81,-1.0,47.7,8.9,1000
Bank of India Tax Advantage Fund,Equity,ELSS Mutual Funds,6,4,1.31,676.0,10,1.5,3.48,0.89,0.9,29.0,13.2,500
Bank of India Ultra Short Duration Fund,Debt,Ultra Short Duration Funds,3,2,0.36,118.0,10,1.07,2.06,1.12,5.2,4.7,5.7,1000
Baroda BNP Paribas Aggressive Hybrid Fund,Hybrid,Aggressive Hybrid Mutual Funds,6,5,0.61,772.0,6,1.39,1.88,0.79,3.5,20.6,13.3,300
Baroda BNP Paribas Arbitrage Fund,Hybrid,Arbitrage Mutual Funds,1,3,0.49,354.0,6,0.85,1.39,0.59,5.2,4.6,5.6,300
Baroda BNP Paribas Balanced Advantage Fund,Hybrid,Dynamic Asset Allocation or Balanced Advantage,6,4,0.64,3123.0,4,1.46,2.61,0.7,3.7,19.8,8.9,500
Baroda BNP Paribas Banking & PSU Bond Fund,Debt,Banking and PSU Mutual Funds,2,2,0.39,40.0,2,-,-,-,2.5,18.5,8.9,500
Baroda BNP Paribas Banking&Fin Serv Fund,Equity,Sectoral / Thematic Mutual Funds,6,2,1.63,69.0,10,0.82,-2.87,0.89,6.6,19.2,9.1,500
Baroda BNP Paribas Conservative Hybrid Fund,Hybrid,Conservative Hybrid Mutual Funds,4,4,0.78,501.0,10,1.29,0.64,0.58,3.7,9.2,7.7,300
Baroda BNP Paribas Corporate Bond Fund,Debt,Corporate Bond Mutual Funds,2,2,0.32,17.0,10,0.43,0.69,0.9,2.8,5.6,4.4,300
Baroda BNP Paribas Credit Risk Fund,Debt,Credit Risk Funds,4,5,0.78,179.0,8,1.06,1.72,-3.29,5.7,10.9,7.6,500
Baroda BNP Paribas Dynamic Bond Fund,Debt,Dynamic Bond,3,2,0.71,115.0,10,0.49,0.91,1.36,5.2,5.7,6.6,300
Baroda BNP Paribas ELSS Fund,Equity,ELSS Mutual Funds,6,3,1.12,651.0,10,1.29,-0.94,0.83,-2.4,20.4,10.5,500
Baroda BNP Paribas Equity Savings Fund,Hybrid,Equity Savings Mutual Funds,4,3,1.45,250.0,4,1.12,0.25,0.73,3.7,9.8,8.9,500
Baroda BNP Paribas Focused Fund,Equity,Focused Funds,6,3,0.67,299.0,5,1.27,-1.21,0.85,0.5,23.1,9.9,300
Baroda BNP Paribas Gilt Fund,Debt,Gilt Mutual Funds,3,2,0.14,138.0,10,0.28,0.07,0.66,3.7,4.9,6.8,500
Baroda BNP Paribas India Consumption Fund,Equity,Sectoral / Thematic Mutual Funds,6,3,0.81,880.0,5,1.38,2.41,0.71,5.2,23.3,8.9,300
Baroda BNP Paribas Large Cap Fund,Equity,Large Cap Mutual Funds,6,4,0.94,1347.0,10,1.32,-0.18,0.86,3.0,23.5,12.8,300
Baroda BNP Paribas Liquid Fund,Debt,Liquid Mutual Funds,2,5,0.19,6686.0,10,0.93,1.32,0.72,5.7,4.4,5.4,500
Baroda BNP Paribas Low Duration Fund,Debt,Low Duration Funds,3,3,0.39,175.0,10,1.51,3.17,1.28,5.0,6.0,6.5,300
Baroda BNP Paribas Medium Duration Fund,Debt,Medium Duration Funds,3,2,0.69,37.0,9,0.32,0.42,1.16,3.9,5.0,3.5,300
Baroda BNP Paribas Mid Cap Fund,Equity,Mid Cap Mutual Funds,6,3,0.59,1192.0,10,1.67,1.31,0.86,2.4,30.6,13.6,300
Baroda BNP Paribas Money Market Fund,Debt,Money Market Funds,2,2,0.2,111.0,4,0.38,1.72,1.15,5.0,4.1,8.9,500
Baroda BNP Paribas Multi Cap Fund,Equity,Multi Cap Funds,6,2,1.1,1628.0,10,1.44,2.11,0.9,-1.7,28.8,12.3,500
Baroda BNP Paribas Overnight Fund,Debt,Overnight Mutual Funds,1,3,0.08,423.0,4,0.05,0.62,0.45,5.4,3.9,8.9,500
Baroda BNP Paribas Short Duration Fund,Debt,Short Duration Funds,3,3,0.37,235.0,10,0.88,3.6,1.55,4.2,5.7,6.7,500
Baroda BNP Paribas Ultra Short Duration Fund,Debt,Ultra Short Duration Funds,2,3,0.22,560.0,5,1.77,2.59,1.24,5.7,5.1,8.9,500
BHARAT Bond FOF – April 2025 – Direct Growth,Other,FoFs Domestic,2,2,0.06,3912.0,3,-,-,-,2.6,18.5,8.9,500
Canara Robeco Bluechip Equity Fund,Equity,Large Cap Mutual Funds,6,5,0.48,8672.0,10,1.35,0.16,0.89,1.7,24.3,14.4,1000
Canara Robeco Conservative Hybrid Fund,Hybrid,Conservative Hybrid Mutual Funds,4,5,0.57,1069.0,10,1.74,2.59,0.6,3.8,11.4,9.4,1000
Canara Robeco Consumer Trends Fund,Equity,Sectoral / Thematic Mutual Funds,6,4,1.0,935.0,10,1.48,4.63,0.74,7.1,26.7,15.1,1000
Canara Robeco Corporate Bond Fund,Debt,Corporate Bond Mutual Funds,2,3,0.39,191.0,9,0.85,1.33,0.77,4.0,6.0,6.7,1000
Canara Robeco Dynamic Bond Fund,Debt,Dynamic Bond,3,3,0.66,116.0,10,0.47,0.74,1.02,4.7,5.3,6.6,1000
Canara Robeco Emerging Equities – Direct Growth,Equity,Large & Mid Cap Funds,6,3,0.6,15261.0,10,1.47,2.48,0.89,-0.2,27.0,12.6,1000
Canara Robeco Equity Hybrid Fund,Hybrid,Aggressive Hybrid Mutual Funds,6,4,0.63,8235.0,10,1.4,1.49,0.78,1.8,20.1,12.2,1000
Canara Robeco Equity Tax Saver Fund,Equity,ELSS Mutual Funds,6,5,0.64,4685.0,10,1.51,2.7,0.87,1.2,27.7,15.5,500
Canara Robeco Flexi Cap Fund,Equity,Flexi Cap Funds,6,4,0.55,8630.0,10,1.39,0.32,0.87,-0.9,24.8,13.8,1000
Canara Robeco Gilt Fund,Debt,Gilt Mutual Funds,3,3,0.54,80.0,10,0.43,0.47,0.55,4.3,5.1,7.0,1000
Canara Robeco Income Fund,Debt,Medium to Long Duration Funds,3,3,0.75,125.0,10,0.45,0.87,1.32,3.9,5.8,7.0,1000
Canara Robeco Infrastructure – Direct Growth,Equity,Sectoral / Thematic Mutual Funds,6,3,1.32,247.0,10,1.8,10.9,0.59,13.7,34.9,12.2,1000
Canara Robeco Liquid Fund,Debt,Liquid Mutual Funds,2,2,0.11,2548.0,10,0.47,1.07,0.66,5.6,4.1,5.1,1000
Canara Robeco Overnight Fund,Debt,Overnight Mutual Funds,1,2,0.1,216.0,4,0,0.61,0.45,5.3,3.9,8.9,0
Canara Robeco Savings Fund,Debt,Low Duration Funds,2,2,0.31,1003.0,10,1.12,2.64,1.33,5.0,5.2,5.9,1000
Canara Robeco Short Duration Fund,Debt,Short Duration Funds,2,3,0.47,520.0,10,0.87,3.98,1.95,4.1,5.9,6.5,1000
Canara Robeco Small Cap Fund,Equity,Small Cap Mutual Funds,6,5,0.47,4831.0,4,2.17,12.23,0.79,-0.6,51.8,8.9,1000
Canara Robeco Ultra Short Term Fund,Debt,Ultra Short Duration Funds,2,2,0.4,565.0,10,0.84,1.82,1.04,5.2,4.5,5.3,500
DSP Arbitrage Fund,Hybrid,Arbitrage Mutual Funds,1,3,0.35,1238.0,5,0.82,1.45,0.64,5.6,4.6,5.4,500
DSP Banking & Psu Debt Fund,Debt,Banking and PSU Mutual Funds,2,3,0.33,2463.0,10,0.84,4.78,2.4,4.0,6.4,6.9,500
DSP Bond Fund,Debt,Medium Duration Funds,3,3,0.39,333.0,10,0.62,1.17,1.02,3.8,6.1,4.9,500
DSP Corporate Bond Fund,Debt,Corporate Bond Mutual Funds,3,2,0.25,2065.0,5,0.45,0.76,0.73,2.6,5.6,8.9,500
DSP Credit Risk Fund,Debt,Credit Risk Funds,4,3,0.38,210.0,10,0.58,2.84,0.26,10.8,6.6,4.5,500
DSP Dynamic Asset Allocation Fund,Hybrid,Dynamic Asset Allocation or Balanced Advantage,5,3,0.71,3770.0,9,1.03,-0.92,0.53,1.7,12.2,8.3,500
DSP Equity & Bond Fund,Hybrid,Aggressive Hybrid Mutual Funds,6,3,0.78,7358.0,10,1.25,0.51,0.83,0.6,18.7,10.7,500
DSP Equity Opportunities Fund,Equity,Large & Mid Cap Funds,6,3,0.91,7110.0,10,1.4,1.89,0.93,3.2,31.6,11.7,500
DSP Equity Savings Fund,Hybrid,Equity Savings Mutual Funds,4,2,0.4,535.0,7,1.75,4.83,0.88,4.0,14.6,7.8,500
DSP Flexi Cap Fund,Equity,Flexi Cap Funds,6,3,0.76,7725.0,10,1.23,-1.47,0.93,-0.1,22.8,12.0,500
DSP Floater Fund,Debt,Floater Mutual Funds,2,1,0.24,983.0,2,-,-,-,4.4,18.5,8.9,500
DSP Focus Fund,Equity,Focused Funds,6,2,1.08,1784.0,10,1.11,-2.77,0.9,-1.7,20.4,8.9,500
DSP Global Allocation Fund,Other,FoFs Overseas,6,0,1.43,70.0,9,0.67,-,-,0.6,12.6,7.9,500
DSP G-Sec Fund,Debt,Gilt Mutual Funds,3,4,0.54,430.0,10,0.64,1.15,0.62,4.4,5.9,8.6,500
DSP Healthcare Fund,Equity,Sectoral / Thematic Mutual Funds,6,0,1.04,1197.0,4,1.19,6.84,0.78,-3.6,26.9,8.9,500
DSP India T.I.G.E.R. Fund,Equity,Sectoral / Thematic Mutual Funds,6,3,1.34,1797.0,10,1.78,10.78,0.64,15.8,36.4,11.9,500
DSP Liquidity Fund,Debt,Liquid Mutual Funds,3,3,0.15,13582.0,10,0.83,1.29,0.73,5.6,4.3,5.3,500
DSP Low Duration Fund,Debt,Low Duration Funds,2,2,0.3,3340.0,8,1.4,2.97,1.35,5.1,5.5,6.3,500
DSP Midcap Fund,Equity,Mid Cap Mutual Funds,6,2,0.77,13213.0,10,1.2,-6.18,0.85,-3.9,21.1,9.5,500
DSP Natural Resources & New Energy – Direct Growth,Equity,Sectoral / Thematic Mutual Funds,6,0,1.21,673.0,10,1.39,21.48,0.43,-0.7,44.3,12.0,500
DSP Nifty 50 Equal Weight Index Fund,Other,Index Funds,6,3,0.4,498.0,5,1.51,3.52,1.01,2.2,30.9,10.7,500
DSP Nifty 50 Index Fund,Other,Index Funds,6,3,0.24,271.0,4,1.3,-0.76,0.99,0.9,25.8,8.9,500
DSP Nifty Next 50 Index Fund,Other,Index Funds,6,2,0.32,227.0,4,0.97,-4.59,0.97,-6.3,21.8,8.9,500
DSP Overnight Fund,Debt,Overnight Mutual Funds,1,4,0.06,2754.0,4,0.12,0.67,0.47,5.4,3.9,8.9,500
DSP Regular Savings Fund,Hybrid,Conservative Hybrid Mutual Funds,3,2,0.51,199.0,10,1.55,2.26,0.61,3.0,10.8,6.0,500
DSP Savings Fund,Debt,Money Market Funds,3,2,0.25,3903.0,10,1.15,3.15,1.65,5.0,5.3,5.9,500
DSP Short Term Fund,Debt,Short Duration Funds,2,2,0.3,2821.0,10,0.96,4.96,2.51,4.1,6.1,6.7,500
DSP Small Cap Fund,Equity,Small Cap Mutual Funds,6,2,0.9,8953.0,10,1.78,4.28,0.86,0.7,38.9,12.5,500
DSP Strategic Bond Fund,Debt,Dynamic Bond,2,3,0.47,481.0,10,0.41,0.84,1.36,3.0,5.4,7.3,500
DSP Tax Saver Fund,Equity,ELSS Mutual Funds,6,4,0.81,10129.0,10,1.51,2.57,0.94,1.8,28.8,13.3,500
DSP Top 100 Equity Fund,Equity,Large Cap Mutual Funds,6,1,1.27,2605.0,10,1.18,-1.79,0.91,3.6,21.8,8.9,500
DSP Ultra Short Fund,Debt,Ultra Short Duration Funds,2,3,0.3,2736.0,10,1.54,2.39,1.19,5.5,4.9,5.5,500
DSP US Flexible Equity Fund,Other,FoFs Overseas,6,0,1.52,770.0,10,1.1,-,-,2.2,23.8,13.6,500
DSP World Gold Fund,Other,FoFs Overseas,6,0,1.81,777.0,10,0.4,-,-,-9.0,14.8,10.2,500
DSP World Mining Fund,Other,FoFs Overseas,6,0,1.5,188.0,10,1.08,-,-,-5.4,37.1,15.0,500
Edelweiss Aggressive Hybrid Fund,Hybrid,Aggressive Hybrid Mutual Funds,6,4,0.36,469.0,10,1.72,5.57,0.79,6.5,24.6,13.0,500
Edelweiss Arbitrage Fund,Hybrid,Arbitrage Mutual Funds,1,5,0.37,5393.0,9,1.31,1.78,0.63,5.8,5.0,5.7,500
Edelweiss Balanced Advantage Fund,Hybrid,Dynamic Asset Allocation or Balanced Advantage,6,4,0.51,8780.0,10,1.48,2.1,0.67,2.9,18.5,12.0,500
Edelweiss Banking & Psu Debt Fund,Debt,Banking and PSU Mutual Funds,3,2,0.26,355.0,10,0.55,6.29,3.18,3.5,6.9,7.9,500
Edelweiss Equity Savings Fund,Hybrid,Equity Savings Mutual Funds,4,5,0.7,258.0,8,1.53,2.41,0.79,4.4,12.1,9.0,500
Edelweiss Europe Dynamic Equity Offshore – Dir Growth,Other,FoFs Overseas,6,0,1.5,83.0,9,0.93,-,-,9.2,25.2,7.6,500
Edelweiss Flexi Cap Fund,Equity,Flexi Cap Funds,6,3,0.56,1056.0,8,1.46,1.91,0.92,1.9,27.5,12.1,500
Edelweiss Govt Securities Fund,Debt,Gilt Mutual Funds,3,5,0.66,119.0,9,0.88,1.77,0.61,4.3,6.8,8.2,500
Edelweiss Greater China Equity Off-Shore Fund,Other,FoFs Overseas,6,0,1.44,1897.0,10,0.3,-,-,-4.1,9.0,6.1,500
Edelweiss Large & Mid Cap Fund,Equity,Large & Mid Cap Funds,6,4,0.6,1711.0,10,1.47,2.77,0.9,1.2,27.8,13.2,500
Edelweiss Large Cap Fund,Equity,Large Cap Mutual Funds,6,4,0.93,399.0,10,1.4,0.95,0.93,4.9,26.0,12.8,500
Edelweiss Liquid Fund,Debt,Liquid Mutual Funds,3,4,0.15,1543.0,10,1.08,1.47,0.8,5.6,4.4,5.4,500
Edelweiss Long Term Equity Fund,Equity,ELSS Mutual Funds,6,3,0.69,209.0,10,1.39,0.61,0.9,0.9,25.6,10.2,500
Edelweiss Mid Cap Fund,Equity,Mid Cap Mutual Funds,6,4,0.57,2530.0,10,1.73,2.21,0.96,4.9,35.5,14.0,500
Edelweiss Money Market Fund,Debt,Money Market Funds,2,1,0.26,346.0,10,1.03,2.56,1.45,4.9,4.7,7.3,500
Edelweiss Overnight Fund,Debt,Overnight Mutual Funds,1,2,0.1,480.0,4,0.01,0.63,0.47,5.3,3.9,8.9,500
Edelweiss Recently Listed IPO Fund,Equity,Sectoral / Thematic Mutual Funds,6,0,0.61,859.0,5,1.09,0.04,0.83,-13.8,24.3,10.9,500
Edelweiss Small Cap Fund,Equity,Small Cap Mutual Funds,6,4,0.6,1458.0,4,1.98,8.58,0.81,3.0,42.5,8.9,500
Edelweiss US Value Equity Offshore Fund,Other,FoFs Overseas,6,0,1.43,90.0,10,1.03,-,-,2.0,23.8,11.5,500
Franklin Build India Fund,Equity,Sectoral / Thematic Mutual Funds,6,3,1.3,1184.0,10,1.6,8.05,0.71,16.0,36.1,13.3,500
Franklin India Banking & PSU Debt Fund,Debt,Banking and PSU Mutual Funds,2,2,0.16,712.0,9,0.7,3.72,1.87,4.2,6.1,7.2,500
Franklin India Bluechip Fund,Equity,Large Cap Mutual Funds,6,2,1.01,6205.0,10,1.28,0.71,0.92,-1.0,25.1,9.7,500
Franklin India Corporate Debt Fund,Debt,Corporate Bond Mutual Funds,2,3,0.21,748.0,10,1.02,1.68,0.56,4.4,6.3,7.0,500
Franklin India Debt Hybrid Fund,Hybrid,Conservative Hybrid Mutual Funds,4,3,0.57,246.0,10,1.42,1.26,0.59,5.1,9.8,7.0,500
Franklin India Dynamic Asset Allocation FoFs-Dir-G,Other,FoFs Domestic,4,3,0.46,1103.0,10,1.39,8.57,0.3,5.9,18.2,9.2,500
Franklin India Equity Advantage Fund,Equity,Large & Mid Cap Funds,6,2,1.37,2556.0,10,1.43,2.99,0.96,-0.9,27.7,9.2,500
Franklin India Equity Hybrid Fund,Hybrid,Aggressive Hybrid Mutual Funds,6,3,1.2,1347.0,10,1.51,3.49,0.8,5.3,22.5,11.0,500
Franklin India Equity Savings Fund,Hybrid,Equity Savings Mutual Funds,3,3,0.71,153.0,5,1.53,3.39,0.94,4.8,14.0,8.9,500
Franklin India Feeder – Franklin U.S. Opp.-Dir Growth,Other,FoFs Overseas,6,0,0.72,2880.0,10,0.5,-,-,-12.1,17.4,11.6,500
Franklin India Flexi Cap Fund,Equity,Flexi Cap Funds,6,4,1.1,9989.0,10,1.6,4.83,0.93,3.8,31.1,12.0,500
Franklin India Floating Rate Fund,Debt,Floater Mutual Funds,2,4,0.21,311.0,10,1.58,2.33,0.75,5.8,5.6,6.2,500
Franklin India Focused Equity Fund,Equity,Focused Funds,6,4,1.16,8022.0,10,1.43,3.6,0.98,5.1,30.9,12.9,500
Franklin India G-Sec Fund,Debt,Gilt Mutual Funds,3,2,0.57,121.0,10,0.04,-0.49,0.52,3.5,4.1,6.3,500
Franklin India Liquid Fund,Debt,Liquid Mutual Funds,2,3,0.13,1511.0,10,0.9,1.34,0.74,5.6,4.3,5.4,500
Franklin India Multi-Asset Solution Fund,Other,FoFs Domestic,4,1,0.44,45.0,8,0.39,5.14,-0.01,4.1,8.7,5.3,500
Franklin India NSE Nifty 50 Index Fund,Other,Index Funds,6,3,0.24,482.0,10,1.3,-0.79,0.99,0.9,25.6,11.6,500
Franklin India Opportunities Fund,Equity,Sectoral / Thematic Mutual Funds,6,0,1.79,657.0,10,1.58,4.7,0.92,7.9,31.0,11.5,500
Franklin India Overnight Fund,Debt,Overnight Mutual Funds,1,2,0.1,152.0,4,-0.18,0.49,0.41,5.3,3.8,8.9,500
Franklin India Prima Fund,Equity,Mid Cap Mutual Funds,6,2,1.06,7359.0,10,1.36,-4.41,0.96,4.5,26.6,10.0,500
Franklin India Savings Fund,Debt,Money Market Funds,2,3,0.1,1084.0,10,1.5,2.67,1.29,5.3,5.2,6.1,500
Franklin India Smaller Companies Fund,Equity,Small Cap Mutual Funds,6,2,1.03,7308.0,10,1.91,7.03,0.81,10.5,38.8,11.2,500
Franklin India Taxshield – Direct Growth,Equity,ELSS Mutual Funds,6,3,1.12,4584.0,10,1.49,2.88,0.95,4.9,29.3,11.4,500
Franklin India Technology Fund,Equity,Sectoral / Thematic Mutual Funds,6,0,1.22,712.0,10,1.24,3.66,0.73,-11.9,29.9,15.9,500
HDFC Arbitrage Fund,Hybrid,Arbitrage Mutual Funds,1,2,0.43,5886.0,9,0.82,1.24,0.5,5.6,4.5,5.2,100
HDFC Balanced Advantage Fund,Hybrid,Dynamic Asset Allocation or Balanced Advantage,6,4,0.88,51042.0,10,1.6,7.38,0.88,14.4,29.3,12.9,100
HDFC Banking and PSU Debt Fund,Debt,Banking and PSU Mutual Funds,2,4,0.39,4805.0,9,0.98,3.4,1.06,4.3,6.8,7.2,100
HDFC Capital Builder Value Fund,Equity,Value Funds,6,2,1.04,5227.0,10,1.53,3.69,0.95,-0.7,33.7,11.3,100
HDFC Children’s Gift Fund,Solution Oriented,Childrens Funds,6,0,0.96,6157.0,10,1.87,7.62,0.76,10.5,26.8,12.9,100
HDFC Corporate Bond Fund,Debt,Corporate Bond Mutual Funds,3,3,0.32,23486.0,10,0.99,1.91,0.94,4.1,6.9,7.3,100
HDFC Credit Risk Debt Fund,Debt,Credit Risk Funds,4,3,0.95,8437.0,9,1.3,2.63,-0.52,4.6,8.0,7.7,100
HDFC Dynamic Debt Fund,Debt,Dynamic Bond,3,4,0.49,527.0,10,0.79,2.71,0.55,4.6,7.3,6.1,100
HDFC Dynamic PE Ratio Fund,Other,FoFs Domestic,5,4,0.22,30.0,10,1.8,6.38,0.6,8.6,21.9,11.1,100
HDFC Equity Savings Fund,Hybrid,Equity Savings Mutual Funds,4,4,1.1,2524.0,10,1.61,4.42,0.98,5.1,16.0,8.8,100
HDFC Flexi Cap Fund,Equity,Flexi Cap Funds,6,4,1.0,31672.0,10,1.56,5.15,1,12.4,34.5,14.0,100
HDFC Floating Rate Debt Fund,Debt,Floater Mutual Funds,3,4,0.26,14785.0,10,1.76,3.39,0.9,5.6,6.5,6.9,100
HDFC Focused 30 Fund,Equity,Focused Funds,6,3,0.54,3609.0,10,1.71,7.78,0.92,16.0,35.8,11.9,100
HDFC Gilt Fund,Debt,Gilt Mutual Funds,3,2,0.46,1739.0,10,0.34,0.23,0.64,3.6,4.9,6.4,100
HDFC Gold Fund,Other,FoFs Domestic,5,5,0.18,1402.0,10,0.47,-0.5,1.01,14.2,12.3,13.4,100
HDFC Housing Opportunities Fund,Equity,Sectoral / Thematic Mutual Funds,6,0,1.28,1081.0,5,1.23,0.23,1,9.8,27.1,7.9,100
HDFC Hybrid Debt Fund,Hybrid,Conservative Hybrid Mutual Funds,4,3,1.33,2695.0,10,1.74,3.73,0.69,6.0,13.3,8.4,100
HDFC Hybrid Equity Fund,Hybrid,Aggressive Hybrid Mutual Funds,6,3,1.09,18729.0,10,1.6,4.86,0.87,7.7,25.6,11.3,100
HDFC Income Fund,Debt,Medium to Long Duration Funds,3,3,0.51,528.0,10,0.34,0.51,1.28,3.8,5.2,6.1,100
HDFC Index Fund,Other,Index Funds,6,4,0.2,4210.0,10,1.31,-0.64,1,2.4,25.8,12.8,100
HDFC Index Fund,Other,Index Funds,6,3,0.2,7457.0,10,1.28,-1.01,1.01,0.9,26.0,12.0,100
HDFC Infrastructure Fund,Equity,Sectoral / Thematic Mutual Funds,6,1,1.75,593.0,10,1.3,2.65,0.88,16.5,34.3,5.3,100
HDFC Large and Mid Cap Fund,Equity,Large & Mid Cap Funds,6,3,1.03,7897.0,10,1.55,4.97,0.98,6.3,33.3,12.8,100
HDFC Liquid Fund,Debt,Liquid Mutual Funds,2,2,0.2,49008.0,10,0.79,1.34,0.78,5.6,4.3,5.3,300
HDFC Low Duration Fund,Debt,Low Duration Funds,2,4,0.43,14779.0,10,1.73,2.82,0.67,5.4,6.2,6.7,100
HDFC Medium Term Debt Fund,Debt,Medium Duration Funds,4,3,0.58,3538.0,10,1.01,2.14,0.78,4.1,6.9,7.4,100
HDFC Mid-Cap Opportunities Fund,Equity,Mid Cap Mutual Funds,6,3,0.95,35009.0,10,1.77,2.45,0.93,11.9,34.2,13.1,100
HDFC Money Market Fund,Debt,Money Market Funds,3,3,0.21,15176.0,10,1.89,3.08,1.33,5.6,5.6,6.3,100
HDFC Multi-Asset Fund,Hybrid,Multi Asset Allocation Mutual Funds,6,4,0.88,1643.0,10,1.6,5.06,0.72,6.9,23.0,10.9,100
HDFC Overnight Fund,Debt,Overnight Mutual Funds,1,2,0.1,20146.0,10,-0.09,0.53,0.42,5.3,3.8,4.6,300
HDFC Retirement Savings Fund,Solution Oriented,Retirement Funds,6,5,0.78,2696.0,7,1.92,9.26,0.85,11.6,34.9,14.8,100
HDFC Retirement Savings Fund,Solution Oriented,Retirement Funds,6,4,1.03,932.0,7,1.88,3.03,0.43,8.0,24.5,12.3,100
HDFC Retirement Savings Fund,Solution Oriented,Retirement Funds,4,4,1.0,140.0,7,1.74,6.37,0.73,6.0,10.3,7.8,100
HDFC Short Term Debt Fund,Debt,Short Duration Funds,3,3,0.29,11028.0,10,1.23,4.24,1.45,4.7,7.0,7.3,100
HDFC Small Cap Fund,Equity,Small Cap Mutual Funds,6,3,0.8,14648.0,10,1.88,6.54,0.91,12.5,43.5,13.5,100
HDFC Tax Saver Fund,Equity,ELSS Mutual Funds,6,2,1.15,9723.0,10,1.64,4.47,0.88,10.0,31.0,10.3,500
HDFC Top 100 Fund,Equity,Large Cap Mutual Funds,6,2,1.11,22139.0,10,1.39,1.75,0.97,6.6,28.6,11.9,100
HDFC Ultra Short Term Fund,Debt,Ultra Short Duration Funds,3,4,0.34,13303.0,5,1.93,2.7,1.1,5.4,5.5,8.9,100
HSBC Aggressive Hybrid Fund,Hybrid,Aggressive Hybrid Mutual Funds,6,2,0.87,4636.0,10,1.26,0.57,0.81,-1.2,19.5,8.1,500
HSBC Arbitrage Fund,Hybrid,Arbitrage Mutual Funds,1,4,0.29,2344.0,9,1.12,1.63,0.63,5.4,4.7,5.5,500
HSBC Asia Pacific (Ex Japan) DYF – Direct Growth,Other,FoFs Overseas,6,0,1.29,8.4,9,0.48,-,-,-4.2,13.6,5.7,500
HSBC Balanced Advantage Fund,Hybrid,Dynamic Asset Allocation or Balanced Advantage,4,3,0.78,1511.0,10,1.27,0.89,0.45,3.5,13.4,8.0,500
HSBC Banking and PSU Debt Fund,Debt,Banking and PSU Mutual Funds,3,1,0.23,3779.0,10,0.47,5.62,3.36,2.2,6.0,6.5,500
HSBC Business Cycles Fund,Equity,Sectoral / Thematic Mutual Funds,6,0,1.42,535.0,9,1.46,2.69,0.97,7.0,28.0,8.7,500
HSBC Conservative Hybrid Fund,Hybrid,Conservative Hybrid Mutual Funds,4,3,1.34,122.0,10,1.28,0.76,0.74,2.3,10.3,7.5,500
HSBC Corporate Bond Fund,Debt,Corporate Bond Mutual Funds,2,2,0.35,157.0,2,0.39,0.67,1.09,1.7,32.4,13.3,500
HSBC Corporate Bond Fund,Debt,Corporate Bond Mutual Funds,3,1,0.29,6772.0,10,0.47,1.19,1.68,3.3,6.6,7.6,500
HSBC Credit Risk Fund,Debt,Credit Risk Funds,4,3,0.85,130.0,10,0.35,-1.87,-2.39,4.8,5.7,5.1,500
HSBC Dynamic Bond Fund,Debt,Dynamic Bond,3,3,0.29,200.0,10,0.39,0.67,1.09,4.7,5.4,6.8,500
HSBC ELSS Fund,Equity,ELSS Mutual Funds,6,1,1.16,3007.0,10,1.33,-0.03,0.91,-1.2,24.1,8.0,500
HSBC Equity Hybrid Fund,Hybrid,Aggressive Hybrid Mutual Funds,6,3,1.0,474.0,4,1.26,0.57,0.81,1.7,32.4,13.3,500
HSBC Equity Savings Fund,Hybrid,Equity Savings Mutual Funds,3,2,0.62,150.0,10,1.86,5.57,0.85,2.9,15.5,7.5,500
HSBC Flexi Cap Fund,Equity,Flexi Cap Funds,6,2,1.23,3097.0,10,1.38,0.36,0.94,-1.2,26.4,9.2,500
HSBC Flexi Debt Fund,Debt,Dynamic Bond,3,2,0.94,54.0,10,0.39,0.67,1.09,1.7,32.4,13.3,500
HSBC Gilt Fund,Debt,Gilt Mutual Funds,3,3,0.48,231.0,10,0.41,0.51,0.64,5.0,5.4,7.1,500
HSBC Infrastructure Fund,Equity,Sectoral / Thematic Mutual Funds,6,2,1.14,1476.0,10,1.78,10.03,0.6,11.3,33.6,9.3,500
HSBC Large & Mid Cap Fund,Equity,Large & Mid Cap Funds,6,2,1.08,1992.0,4,1.4,1.39,0.91,-0.6,25.6,8.9,500
HSBC Large Cap Fund,Equity,Large Cap Mutual Funds,6,2,1.26,1405.0,10,1.18,-2.34,0.97,0.0,23.3,10.6,500
HSBC Liquid Fund,Debt,Liquid Mutual Funds,2,3,0.12,12043.0,10,0.91,1.38,0.77,5.7,4.3,5.3,500
HSBC Low Duration Fund,Debt,Low Duration Funds,2,3,0.25,467.0,10,0.58,0.3,-0.78,5.2,5.6,5.8,500
HSBC Managed Solutions Conservative Fund,Other,FoFs Domestic,3,2,0.54,34.0,9,0.55,-1.07,0.49,3.2,6.7,5.9,500
HSBC Managed Solutions Growth Fund,Other,FoFs Domestic,6,2,1.06,34.0,9,1.4,1.87,0.9,0.6,22.2,9.2,500
HSBC Managed Solutions Moderate Fund,Other,FoFs Domestic,5,2,0.76,58.0,9,1.31,0.67,0.74,1.2,19.0,8.7,500
HSBC Medium Duration Fund,Debt,Medium Duration Funds,3,3,0.4,643.0,8,0.76,1.93,0.67,4.2,7.0,6.7,500
HSBC Medium to Long Duration Fund,Debt,Medium to Long Duration Funds,3,1,0.68,41.0,10,0.09,-0.16,1.54,2.7,4.5,6.5,500
HSBC Midcap Fund,Equity,Mid Cap Mutual Funds,6,2,0.74,6980.0,10,1.53,-1.16,0.8,2.3,26.1,8.8,500
HSBC Money Market Fund,Debt,Money Market Funds,2,1,0.25,716.0,10,1.12,2.43,1.31,5.2,4.9,6.0,500
HSBC Overnight Fund,Debt,Overnight Mutual Funds,1,5,0.1,2759.0,4,0.16,0.65,0.44,5.4,3.9,8.9,500
HSBC Short Duration Fund,Debt,Short Duration Funds,2,2,0.27,3592.0,10,0.78,4.85,2.63,3.8,6.0,6.7,500
HSBC Small Cap Fund,Equity,Small Cap Mutual Funds,6,3,0.77,8625.0,9,2.08,9.87,0.82,5.1,44.7,12.7,500
HSBC Tax Saver Equity Fund,Equity,ELSS Mutual Funds,6,2,1.3,175.0,10,1.26,-1.65,0.96,-2.2,24.7,8.9,500
HSBC Ultra Short Duration Fund,Debt,Ultra Short Duration Funds,2,3,0.22,2279.0,3,1.69,2.48,1.17,5.5,5.1,8.9,500
HSBC Value Fund,Equity,Value Funds,6,3,0.84,7781.0,10,1.69,6.92,0.96,6.8,33.0,11.6,500
ICICI Pru All Seasons Bond Fund,Debt,Dynamic Bond,3,5,0.62,6754.0,10,1.38,2.84,0.98,6.5,7.5,8.2,100
ICICI Pru Asset Allocator Fund,Other,FoFs Domestic,4,4,0.18,18393.0,10,1.99,7.45,0.53,8.8,21.6,12.8,1000
ICICI Pru Balanced Advantage Fund,Hybrid,Dynamic Asset Allocation or Balanced Advantage,5,4,0.91,44515.0,10,1.84,5.34,0.54,6.7,19.7,10.4,100
ICICI Pru Banking & Financial Services – DirectGrowth,Equity,Sectoral / Thematic Mutual Funds,6,3,1.1,5871.0,10,1.06,3.74,0.87,7.0,24.9,9.7,100
ICICI Pru Banking & PSU Debt Fund,Debt,Banking and PSU Mutual Funds,2,5,0.38,7265.0,10,1.37,4.03,1.21,5.8,6.9,7.2,100
ICICI Pru BHARAT 22 FOF  – Direct Growth,Other,FoFs Domestic,6,5,0.08,89.0,5,1.47,9.68,0.88,22.1,35.0,8.9,1000
ICICI Pru Bharat Consumption Fund,Equity,Sectoral / Thematic Mutual Funds,6,3,1.54,1866.0,4,1.6,4.95,0.6,10.2,22.7,8.9,100
ICICI Pru Bluechip Fund,Equity,Large Cap Mutual Funds,6,4,1.06,34198.0,10,1.53,3.05,0.9,4.4,28.2,12.3,100
ICICI Pru Bond Fund,Debt,Medium to Long Duration Funds,3,3,0.6,2223.0,10,0.72,1.58,1.26,5.2,6.9,7.3,100
ICICI Pru Child Care Fund,Solution Oriented,Childrens Funds,6,3,1.69,844.0,10,1.42,2.18,0.74,1.0,19.8,8.8,100
ICICI Pru Corporate Bond Fund,Debt,Corporate Bond Mutual Funds,2,5,0.3,16998.0,10,1.52,2.35,0.68,5.8,7.0,7.3,100
ICICI Pru Credit Risk Fund,Debt,Credit Risk Funds,4,4,0.86,7584.0,10,2.15,3.97,0.42,5.8,8.0,8.1,100
ICICI Pru Debt Management Fund,Other,FoFs Domestic,3,4,0.41,141.0,10,1.38,2.07,0.53,5.8,6.7,7.0,100
ICICI Pru Dividend Yield Equity Fund,Equity,Dividend Yield Funds,6,0,0.66,1258.0,9,1.94,10.39,0.83,8.5,37.6,12.1,100
ICICI Pru Equity & Debt Fund,Hybrid,Aggressive Hybrid Mutual Funds,6,5,1.2,21232.0,10,1.75,9.56,0.84,6.8,30.6,14.3,100
ICICI Pru Equity – Arbitrage Fund,Hybrid,Arbitrage Mutual Funds,1,3,0.39,11272.0,10,0.99,1.59,0.63,5.6,4.8,5.5,1000
ICICI Pru Equity Savings Fund,Hybrid,Equity Savings Mutual Funds,2,3,0.54,4936.0,8,1.84,4.82,0.57,6.2,12.7,7.9,100
ICICI Pru Exports and Services Fund,Equity,Sectoral / Thematic Mutual Funds,6,0,1.76,1040.0,10,1.78,6.7,0.78,5.7,30.7,11.4,1000
ICICI Pru Floating Interest Fund,Debt,Floater Mutual Funds,2,2,0.62,11650.0,10,1.46,3.22,0.47,6.3,7.0,7.2,100
ICICI Pru FMCG Fund,Equity,Sectoral / Thematic Mutual Funds,6,0,1.44,1156.0,10,1.61,7.44,0.47,21.1,24.5,13.5,100
ICICI Pru Focused Equity Fund,Equity,Focused Funds,6,4,0.59,3920.0,10,1.62,4.86,0.89,6.1,31.2,13.4,100
ICICI Pru Gilt Fund,Debt,Gilt Mutual Funds,3,5,0.56,2692.0,10,0.82,1.87,0.69,6.3,6.7,8.4,1000
ICICI Pru Global Stable Equity Fund,Other,FoFs Overseas,6,0,1.26,111.0,10,0.9,-,-,3.4,18.0,10.3,1000
ICICI Pru Income Optimizer Fund,Other,FoFs Domestic,3,5,0.26,272.0,10,2.37,5.75,0.47,7.8,13.3,8.8,1000
ICICI Pru India Equity FOF – Direct Growth,Other,FoFs Domestic,6,5,0.88,62.0,3,1.71,6.83,0.84,4.9,32.2,8.9,100
ICICI Pru India Opportunities Fund,Equity,Sectoral / Thematic Mutual Funds,6,0,0.73,7644.0,4,1.67,9.93,0.99,11.7,44.7,8.9,100
ICICI Pru Infrastructure Fund,Equity,Sectoral / Thematic Mutual Funds,6,5,1.64,2269.0,10,1.83,11.76,0.78,24.3,44.0,15.1,100
ICICI Pru Large & Mid Cap Fund,Equity,Large & Mid Cap Funds,6,4,1.09,7044.0,10,1.68,7.49,0.92,9.5,33.2,13.7,100
ICICI Pru Liquid Fund,Debt,Liquid Mutual Funds,3,2,0.2,47245.0,10,0.94,1.39,0.78,5.6,4.3,5.3,99
ICICI Pru Long Term Equity Fund,Equity,ELSS Mutual Funds,6,3,1.23,9819.0,10,0.04,6.9,5.04,-0.2,27.1,11.5,500
ICICI Pru Long Term Wealth Enhancement Fund,Equity,ELSS Mutual Funds,6,0,0.97,32.0,5,1.39,0.78,0.95,-0.7,33.7,11.3,0
ICICI Pru Manufacturing Fund,Equity,Sectoral / Thematic Mutual Funds,6,0,1.7,645.0,4,1.71,7.67,0.94,8.6,35.6,8.9,100
ICICI Pru Medium Term Bond Fund,Debt,Medium Duration Funds,4,4,0.77,6305.0,10,1.29,2.74,0.69,5.6,7.7,7.6,1000
ICICI Pru MidCap Fund,Equity,Mid Cap Mutual Funds,6,3,1.16,3492.0,10,1.62,0.33,0.96,3.9,32.9,11.1,100
ICICI Pru Money Market Fund,Debt,Money Market Funds,3,3,0.21,11475.0,10,1.72,2.82,1.25,5.5,5.4,6.1,100
ICICI Pru Multi-Asset Fund,Hybrid,Multi Asset Allocation Mutual Funds,6,4,1.15,16449.0,10,1.85,10.44,0.81,11.3,31.3,14.2,100
ICICI Pru Multicap Fund,Equity,Multi Cap Funds,6,0,1.02,6929.0,10,1.49,3.09,0.94,5.7,29.1,11.8,100
ICICI Pru Nifty 50 Index Fund,Other,Index Funds,6,3,0.17,3977.0,10,1.3,-0.72,1,0.9,26.1,11.9,100
ICICI Pru Nifty Next 50 Index Fund,Other,Index Funds,6,1,0.3,2415.0,10,0.97,-4.7,0.98,-6.4,22.0,6.1,100
ICICI Pru Overnight Fund,Debt,Overnight Mutual Funds,1,3,0.1,12837.0,4,-0.05,0.54,0.42,5.4,3.9,8.9,500
ICICI Pru P.H.D Fund,Equity,Sectoral / Thematic Mutual Funds,6,0,1.22,2538.0,5,1.03,3.7,0.96,-6.0,25.0,8.9,100
ICICI Pru Passive Strategy Fund,Other,FoFs Domestic,6,3,0.06,93.0,10,1.46,1.99,0.84,4.9,26.3,10.9,1000
ICICI Pru Regular Gold Savings Fund,Other,FoFs Domestic,5,3,0.09,671.0,10,0.49,-0.21,0.99,14.3,11.7,13.1,100
ICICI Pru Regular Savings Fund,Hybrid,Conservative Hybrid Mutual Funds,4,5,0.99,3212.0,10,2,3.21,0.5,5.5,11.3,9.0,100
ICICI Pru Retirement Fund,Solution Oriented,Retirement Funds,6,5,1.22,209.0,4,1.44,2.63,0.78,0.1,31.3,8.9,100
ICICI Pru Retirement Fund,Solution Oriented,Retirement Funds,6,3,1.12,152.0,4,1.26,1.02,0.64,1.7,32.4,13.3,100
ICICI Pru Retirement Fund,Solution Oriented,Retirement Funds,4,3,1.0,59.0,4,1.04,2.1,0.93,2.0,9.9,8.9,100
ICICI Pru Retirement Fund,Solution Oriented,Retirement Funds,3,3,1.29,175.0,4,1.71,8.42,0.75,4.6,6.8,8.9,100
ICICI Pru S&P BSE Sensex Index Fund,Other,Index Funds,6,4,0.16,694.0,6,1.27,-1.12,1,1.4,25.8,12.9,100
ICICI Pru Savings Fund,Debt,Low Duration Funds,2,2,0.4,21144.0,10,1.41,3,0.87,5.7,6.2,6.7,100
ICICI Pru Short Term Fund,Debt,Short Duration Funds,3,4,0.39,14561.0,10,1.75,4.86,1.42,6.4,7.5,7.7,1000
ICICI Pru Smallcap Fund,Equity,Small Cap Mutual Funds,6,3,0.81,4618.0,10,1.94,8.49,0.82,7.7,41.8,14.9,100
ICICI Pru Technology Fund,Equity,Sectoral / Thematic Mutual Funds,6,0,0.99,8993.0,10,1.48,9.3,0.92,-19.7,45.3,21.6,100
ICICI Pru Thematic Advantage Fund,Other,FoFs Domestic,6,0,0.25,958.0,10,1.63,6.63,0.98,5.4,35.4,14.6,1000
ICICI Pru Ultra Short Term Fund,Debt,Ultra Short Duration Funds,3,4,0.39,12447.0,10,2.4,2.36,0.54,5.7,5.9,6.7,1000
ICICI Pru US Bluechip Equity Fund,Equity,Sectoral / Thematic Mutual Funds,6,0,1.22,2365.0,10,0.88,-,-,4.8,23.4,15.9,100
ICICI Pru Value Discovery Fund,Equity,Value Funds,6,4,1.22,27449.0,10,2.04,11.82,0.8,8.9,36.9,14.9,100
IDBI Banking & Financial Services Fund,Equity,Sectoral / Thematic Mutual Funds,6,2,1.5,81.0,5,0.88,-1.2,0.86,4.8,20.3,8.9,500
IDBI Credit Risk Fund,Debt,Credit Risk Funds,4,3,0.61,22.0,9,1.03,3.08,-2.49,4.3,11.3,3.7,500
IDBI Dividend Yield Fund,Equity,Dividend Yield Funds,6,0,1.5,85.0,4,1.43,1.29,0.81,0.1,25.2,8.9,500
IDBI Equity Advantage Fund,Equity,ELSS Mutual Funds,6,2,1.21,455.0,10,1.15,-1.93,0.8,-0.7,33.7,11.3,500
IDBI Equity Savings Fund,Hybrid,Equity Savings Mutual Funds,4,2,1.15,9.77,10,1.11,0.39,1.05,2.5,11.8,7.2,500
IDBI Focused 30 Equity Fund,Equity,Focused Funds,6,3,1.61,125.0,5,1.29,-0.57,0.94,0.1,25.2,10.2,500
IDBI Gold Fund,Other,FoFs Domestic,5,3,0.26,42.0,10,0.42,-0.02,1,15.0,12.1,12.9,500
IDBI Healthcare Fund,Equity,Sectoral / Thematic Mutual Funds,6,0,1.24,49.0,4,0.71,-3.1,0.95,-13.0,17.1,8.9,500
IDBI Hybrid Equity Fund,Hybrid,Aggressive Hybrid Mutual Funds,6,2,1.67,171.0,6,1.18,-0.86,0.78,-1.8,17.5,7.0,500
IDBI India Top 100 Equity Fund,Equity,Large Cap Mutual Funds,6,4,1.26,599.0,10,1.36,0.51,0.93,0.5,26.0,12.4,500
IDBI Liquid Fund,Debt,Liquid Mutual Funds,2,4,0.13,763.0,10,1.19,1.43,0.75,5.6,4.4,5.4,500
IDBI Long Term Value Fund,Equity,Value Funds,6,2,1.67,92.0,5,1.36,1.21,0.94,-0.1,25.4,8.9,500
IDBI Midcap Fund,Equity,Mid Cap Mutual Funds,6,1,1.62,176.0,6,1.27,-5.96,0.97,-2.9,25.1,7.7,500
IDBI Nifty 50 Index Fund,Other,Index Funds,6,3,0.32,188.0,10,1.29,-0.9,1,0.8,25.8,11.8,500
IDBI Nifty Next 50 Index Fund,Other,Index Funds,6,1,0.32,49.0,10,0.96,-4.78,0.98,-6.1,21.8,6.2,500
IDBI Short Term Bond Fund,Debt,Short Duration Funds,2,4,0.28,29.0,10,0.92,3.82,-0.57,4.1,9.4,6.9,500
IDBI Small Cap Fund,Equity,Small Cap Mutual Funds,6,3,1.54,143.0,6,1.95,8.16,0.71,2.1,38.5,12.6,500
IDBI Ultra Short Term Fund,Debt,Ultra Short Duration Funds,2,3,0.25,198.0,10,1.29,1.14,0.15,5.4,5.1,5.9,500
IIFL Dynamic Bond Fund,Debt,Dynamic Bond,3,4,0.27,494.0,10,0.96,1.61,0.6,3.3,6.0,6.5,1000
IIFL Focused Equity Fund,Equity,Focused Funds,6,5,0.9,3416.0,8,1.56,3.78,0.91,4.7,29.2,18.1,1000
IIFL Liquid Fund,Debt,Liquid Mutual Funds,3,2,0.2,601.0,9,0.04,0.87,0.64,5.5,3.9,4.8,1000
Indiabulls Arbitrage Fund,Hybrid,Arbitrage Mutual Funds,1,2,0.58,14.0,8,-0.82,0.18,0.54,4.3,3.3,4.5,1000
Indiabulls Bluechip Fund,Equity,Large Cap Mutual Funds,6,2,1.27,91.0,10,1.1,-3.4,0.94,2.0,21.3,9.5,500
Indiabulls Dynamic Bond Fund,Debt,Dynamic Bond,3,3,0.36,25.0,4,0.58,0.95,0.84,4.2,5.2,8.9,500
Indiabulls Equity Hybrid Fund,Hybrid,Aggressive Hybrid Mutual Funds,5,3,1.55,32.0,4,1.29,0.47,0.87,3.2,20.5,8.9,500
Indiabulls Liquid Fund,Debt,Liquid Mutual Funds,2,1,0.22,212.0,10,0.28,0.95,0.63,5.4,4.0,5.2,500
Indiabulls Overnight Fund,Debt,Overnight Mutual Funds,1,1,0.18,42.0,4,-0.36,0.4,0.39,5.2,3.8,8.9,500
Indiabulls Short Term Fund,Debt,Short Duration Funds,3,2,0.38,25.0,10,0.7,4.88,2.83,4.4,5.1,5.9,500
Indiabulls Tax Savings Fund,Equity,ELSS Mutual Funds,6,2,0.5,36.0,5,1.21,-2.36,0.88,1.0,22.3,7.8,500
Indiabulls Value Fund,Equity,Value Funds,6,2,0.5,9.71,8,1.27,-0.23,0.92,-0.2,25.6,6.3,500
Invesco India – Invesco GEI Fund,Other,FoFs Overseas,6,0,0.73,12.0,9,1.01,-,-,9.5,24.4,9.5,500
Invesco India Arbitrage Fund,Hybrid,Arbitrage Mutual Funds,1,5,0.38,3184.0,10,1.5,1.77,0.53,6.4,5.0,5.6,500
Invesco India Banking & PSU Debt Fund,Debt,Banking and PSU Mutual Funds,3,1,0.28,131.0,10,0.25,4.59,2.79,2.3,5.8,6.4,1000
Invesco India Contra Fund,Equity,Contra Funds,6,4,0.62,9347.0,10,1.45,2.27,0.94,2.8,27.6,12.3,500
Invesco India Corporate Bond Fund,Debt,Corporate Bond Mutual Funds,2,3,0.28,2065.0,10,0.91,1.51,0.67,3.7,6.4,6.9,100
Invesco India Credit Risk Fund,Debt,Credit Risk Funds,2,2,0.28,129.0,9,0.97,9.17,4.76,4.4,6.0,3.5,1000
Invesco India Dynamic Equity Fund,Hybrid,Dynamic Asset Allocation or Balanced Advantage,6,2,0.95,612.0,10,1.27,0.76,0.59,3.9,15.4,7.4,500
Invesco India Equity & Bond Fund,Hybrid,Aggressive Hybrid Mutual Funds,6,2,0.76,378.0,5,1.29,1.1,0.71,1.5,17.4,8.9,500
Invesco India Equity Savings Fund,Hybrid,Equity Savings Mutual Funds,4,2,0.73,132.0,4,1.08,0.17,0.82,1.2,9.6,8.9,500
Invesco India Financial Services Fund,Equity,Sectoral / Thematic Mutual Funds,6,3,1.08,472.0,10,1,1.74,0.8,5.9,22.6,10.9,100
Invesco India Gilt Fund,Debt,Gilt Mutual Funds,2,1,0.48,22.0,10,0.06,-0.44,0.54,4.9,4.2,6.7,100
Invesco India Gold Fund,Other,FoFs Domestic,5,4,0.16,59.0,10,0.51,0.29,1.03,13.2,11.5,13.2,500
Invesco India Growth Opportunities Fund,Equity,Large & Mid Cap Funds,6,3,0.66,3665.0,10,1.3,0.23,0.84,0.8,22.8,11.0,100
Invesco India Infrastructure Fund,Equity,Sectoral / Thematic Mutual Funds,6,5,1.08,445.0,10,1.59,8.67,0.61,8.9,33.2,14.6,500
Invesco India Largecap Fund,Equity,Large Cap Mutual Funds,6,4,0.81,724.0,10,1.28,-0.23,0.92,-1.8,24.0,11.1,100
Invesco India Liquid Fund,Debt,Liquid Mutual Funds,2,3,0.15,6434.0,10,0.83,1.31,0.75,5.6,4.3,5.3,500
Invesco India Medium Duration Fund,Debt,Medium Duration Funds,3,2,0.4,306.0,2,-,-,-,3.5,18.5,8.9,1000
Invesco India Midcap Fund,Equity,Mid Cap Mutual Funds,6,3,0.72,2618.0,10,1.56,-0.38,0.86,0.2,33.5,14.6,500
Invesco India Money Market Fund,Debt,Money Market Funds,2,2,0.22,2294.0,10,1.14,3.07,1.61,5.0,5.1,5.8,1000
Invesco India Multicap Fund,Equity,Multi Cap Funds,6,0,0.65,2347.0,10,1.43,2.38,0.91,1.4,27.0,11.0,500
Invesco India Overnight Fund,Debt,Overnight Mutual Funds,1,3,0.09,337.0,3,-0.06,0.55,0.42,5.3,3.8,8.9,100
Invesco India PSU Equity Fund,Equity,Sectoral / Thematic Mutual Funds,6,0,0.96,394.0,10,1.19,3.08,0.66,16.2,26.5,12.6,500
Invesco India Short Term Fund,Debt,Short Duration Funds,2,2,0.35,350.0,10,0.76,4.41,2.19,3.9,6.2,6.8,1000
Invesco India Smallcap Fund,Equity,Small Cap Mutual Funds,6,3,0.78,1400.0,4,1.7,3.51,0.82,3.5,34.6,8.9,500
Invesco India Tax Plan – Direct Growth,Equity,ELSS Mutual Funds,6,3,0.92,1833.0,10,1.19,-2.63,0.94,-5.2,22.4,10.8,500
Invesco India Treasury Advantage Fund,Debt,Low Duration Funds,2,2,0.32,1230.0,10,1.34,2.95,1.27,4.9,5.6,6.4,100
Invesco India Ultra Short Term Fund,Debt,Ultra Short Duration Funds,2,3,0.24,818.0,10,1.59,2.51,1.2,5.4,5.1,6.0,1000
ITI Arbitrage Fund,Hybrid,Arbitrage Mutual Funds,1,1,0.22,7.04,4,-0.71,-0.04,0.31,3.9,3.3,8.9,500
ITI Balanced Advantage Fund,Hybrid,Dynamic Asset Allocation or Balanced Advantage,6,1,0.35,452.0,3,0.88,-0.95,0.59,-0.2,12.3,8.9,500
ITI Banking & PSU Debt Fund,Debt,Banking and PSU Mutual Funds,2,5,0.15,27.0,2,-,-,-,5.4,18.5,8.9,500
ITI Dynamic Bond Fund,Debt,Dynamic Bond,2,5,0.14,57.0,2,-,-,-,5.7,18.5,8.9,500
ITI Liquid Fund,Debt,Liquid Mutual Funds,1,2,0.09,31.0,4,0,0.63,0.47,5.5,3.9,8.9,500
ITI Long Term Equity Fund,Equity,ELSS Mutual Funds,6,2,0.44,156.0,3,1.31,0.26,0.86,5.6,23.7,8.9,500
ITI Overnight Fund,Debt,Overnight Mutual Funds,1,1,0.08,26.0,3,-0.22,0.48,0.42,5.2,3.8,8.9,500
ITI Small Cap Fund,Equity,Small Cap Mutual Funds,6,1,0.44,1015.0,3,1.27,-4.78,0.95,6.5,29.4,8.9,500
ITI Ultra Short Duration Fund,Debt,Ultra Short Duration Funds,2,2,0.1,119.0,2,-,-,-,5.3,18.5,8.9,500
JM Arbitrage Fund,Hybrid,Arbitrage Mutual Funds,1,1,0.36,60.0,10,-0.23,0.56,0.55,5.4,3.7,4.5,500
JM Dynamic Bond Fund,Debt,Dynamic Bond,2,4,0.63,43.0,10,0.95,1.34,0.65,4.8,6.0,6.1,1000
JM Equity Hybrid Fund,Hybrid,Aggressive Hybrid Mutual Funds,6,4,1.37,11.0,10,1.4,5.95,1,8.0,29.5,11.2,500
JM Flexicap Fund,Equity,Flexi Cap Funds,6,4,1.62,255.0,10,1.4,1.75,0.9,5.2,30.7,13.8,500
JM Focused Fund,Equity,Focused Funds,6,1,1.58,42.0,10,1.08,-2.98,0.93,3.1,19.4,8.6,500
JM Large Cap Fund,Equity,Large Cap Mutual Funds,6,5,1.8,44.0,10,1.2,-0.69,0.67,1.8,18.3,10.4,500
JM Liquid Fund,Debt,Liquid Mutual Funds,2,4,0.15,1426.0,10,0.86,1.22,0.68,5.6,4.2,5.3,1000
JM Low Duration Fund,Debt,Low Duration Funds,2,4,0.34,151.0,10,0.64,9.03,1.19,5.1,11.5,5.3,1000
JM Medium to Long Duration Fund,Debt,Medium to Long Duration Funds,3,2,0.48,19.0,10,0.2,0.23,1.39,2.5,4.8,3.1,1000
JM Tax Gain Fund,Equity,ELSS Mutual Funds,6,3,1.45,70.0,10,1.35,0.39,0.93,0.9,26.2,12.8,500
JM Value Fund,Equity,Value Funds,6,2,1.87,163.0,10,1.53,4.56,0.89,7.7,28.9,12.4,500
Kotak Balanced Advantage Fund,Hybrid,Dynamic Asset Allocation or Balanced Advantage,6,3,0.48,14279.0,5,1.59,3.56,0.56,5.5,18.1,8.9,1000
Kotak Banking and PSU Debt Fund,Debt,Banking and PSU Mutual Funds,3,3,0.37,5256.0,10,1.03,4.03,1.45,4.7,6.7,7.5,1000
Kotak Bluechip Fund,Equity,Large Cap Mutual Funds,6,5,0.64,5259.0,10,1.45,1.75,0.91,3.3,26.8,12.6,100
Kotak Bond – Short Term Fund,Debt,Short Duration Funds,3,3,0.36,12203.0,10,1.12,4.73,2.06,4.4,6.5,7.2,1000
Kotak Bond Fund,Debt,Medium to Long Duration Funds,2,3,0.63,1584.0,10,0.6,1.47,1.57,4.1,6.4,7.7,1000
Kotak Corporate Bond Fund,Debt,Corporate Bond Mutual Funds,2,3,0.32,8880.0,10,1.23,1.73,0.59,4.5,6.4,7.1,1000
Kotak Credit Risk Fund,Debt,Credit Risk Funds,5,2,0.74,1204.0,10,0.47,0.82,-0.4,1.6,5.9,6.4,1000
Kotak Debt Hybrid Fund,Hybrid,Conservative Hybrid Mutual Funds,4,5,0.44,1650.0,10,2.06,4.79,0.7,6.1,14.3,10.0,1000
Kotak Dynamic Bond Fund,Debt,Dynamic Bond,3,4,0.4,1992.0,10,0.69,1.66,1.32,3.9,6.6,7.8,1000
Kotak Emerging Equity Fund,Equity,Mid Cap Mutual Funds,6,4,0.49,23962.0,10,1.82,3.18,0.9,6.6,34.0,15.2,100
Kotak Equity Arbitrage Fund,Hybrid,Arbitrage Mutual Funds,1,4,0.43,21917.0,10,1.26,1.66,0.54,5.8,4.9,5.6,1000
Kotak Equity Hybrid Fund,Hybrid,Aggressive Hybrid Mutual Funds,6,0,0.58,3269.0,8,1.86,7.32,0.79,5.0,26.9,12.8,1000
Kotak Equity Opportunities – Direct Growth,Equity,Large & Mid Cap Funds,6,4,0.6,11608.0,10,1.64,4.72,0.84,6.2,28.8,13.9,500
Kotak Equity Savings Fund,Hybrid,Equity Savings Mutual Funds,4,4,1.02,2097.0,8,1.8,4.5,0.79,6.6,14.4,9.2,1000
Kotak Flexi Cap Fund,Equity,Flexi Cap Funds,6,3,0.68,35775.0,10,1.37,0.11,0.88,3.8,25.0,11.7,500
Kotak Floating Rate Fund,Debt,Floater Mutual Funds,2,2,0.22,4796.0,4,1.02,3.79,1.03,4.6,7.0,8.9,1000
Kotak Focused Equity Fund,Equity,Focused Funds,6,3,0.51,2447.0,4,1.44,1.39,0.9,0.5,26.6,8.9,1000
Kotak Gilt – Invest Plan – Direct Growth,Debt,Gilt Mutual Funds,2,4,0.41,1699.0,10,0.64,1.3,0.7,5.2,6.3,8.4,1000
Kotak Gilt Invest – PF & Trust Plan – Direct Growth,Debt,Gilt Mutual Funds,2,4,0.41,1699.0,10,0.64,1.3,0.7,5.2,6.3,8.4,1000
Kotak Gold Fund,Other,FoFs Domestic,5,3,0.18,1406.0,10,0.48,-0.32,0.97,14.2,12.2,13.7,1000
Kotak India EQ Contra Fund,Equity,Contra Funds,6,4,0.81,1440.0,10,1.57,4.24,0.92,7.3,29.7,14.2,1000
Kotak India Growth Fund,Equity,Multi Cap Funds,6,0,0.34,90.0,5,1.75,7.67,0.95,4.8,35.5,15.6,0
Kotak Infrastructure & Ecoc. Reform-SP-DirGrowth,Equity,Sectoral / Thematic Mutual Funds,6,4,1.0,727.0,10,2,14.15,0.6,23.2,39.7,13.9,1000
Kotak Liquid Fund,Debt,Liquid Mutual Funds,3,2,0.15,33220.0,10,0.85,1.33,0.76,5.6,4.3,5.3,1000
Kotak Low Duration Fund,Debt,Low Duration Funds,3,3,0.43,7420.0,10,1.43,2.9,0.78,5.4,6.2,6.9,1000
Kotak Medium Term Fund,Debt,Medium Duration Funds,3,4,0.58,1934.0,9,0.66,2.04,0.79,4.0,7.0,6.6,1000
Kotak Money Market Fund,Debt,Money Market Funds,3,3,0.26,14248.0,10,1.92,2.59,1.2,5.6,5.1,6.1,0
Kotak Multi Asset Allocator FoF – Dynamic – Direct Growth,Other,FoFs Domestic,5,0,0.13,783.0,10,1.91,8.04,0.7,11.2,25.0,15.3,1000
Kotak Overnight Fund,Debt,Overnight Mutual Funds,1,3,0.07,8999.0,4,-0.02,0.56,0.42,5.4,3.9,8.9,0
Kotak Savings Fund,Debt,Ultra Short Duration Funds,3,3,0.37,12325.0,10,1.85,2.57,1.12,5.5,5.2,6.2,1000
Kotak Small Cap Fund,Equity,Small Cap Mutual Funds,6,4,0.59,8617.0,10,1.98,8.99,0.81,-0.7,43.1,17.0,500
Kotak Tax Saver Fund,Equity,ELSS Mutual Funds,6,4,0.69,3167.0,10,1.68,4.69,0.83,5.0,28.9,14.4,500
L&T Focused Equity Fund,Equity,Focused Funds,6,3,1.09,946.0,4,-,-,-,-0.7,33.7,11.3,500
L&T India Large Cap Fund,Equity,Large Cap Mutual Funds,6,2,1.49,757.0,10,1.18,-2.34,0.97,0.8,33.0,12.1,500
LIC MF Arbitrage Fund,Hybrid,Arbitrage Mutual Funds,1,2,0.31,27.0,4,0.55,1.23,0.6,5.5,4.4,8.9,1000
LIC MF Banking & Fina Serv Fund,Equity,Sectoral / Thematic Mutual Funds,6,2,1.54,121.0,8,0.97,0.9,0.85,13.9,22.7,8.5,1000
LIC MF Banking & PSU Debt Fund,Debt,Banking and PSU Mutual Funds,2,3,0.28,1190.0,10,0.78,3.94,2.05,4.2,5.7,6.8,1000
LIC MF Bond Fund,Debt,Medium to Long Duration Funds,3,2,0.21,111.0,10,0.22,0.23,1.24,4.4,4.7,6.2,1000
LIC MF Children’s Gift Fund,Solution Oriented,Childrens Funds,6,1,1.86,12.0,10,0.99,-3.65,0.9,-1.9,17.1,7.6,1000
LIC MF Debt Hybrid Fund,Hybrid,Conservative Hybrid Mutual Funds,4,3,1.34,61.0,10,0.92,-0.54,0.61,2.5,8.1,6.7,1000
LIC MF Equity Hybrid Fund,Hybrid,Aggressive Hybrid Mutual Funds,6,1,1.43,378.0,10,0.99,-2.85,0.77,-0.5,15.1,8.3,1000
LIC MF Flexi Cap Fund,Equity,Flexi Cap Funds,6,2,1.74,383.0,10,1.02,-4.31,0.8,-0.9,18.3,8.8,1000
LIC MF G-Sec Fund,Debt,Gilt Mutual Funds,2,3,0.76,46.0,10,0.35,0.27,0.45,3.3,4.9,7.7,1000
LIC MF Infrastructure Fund,Equity,Sectoral / Thematic Mutual Funds,6,3,1.47,90.0,10,1.56,7.11,0.57,6.7,29.8,11.2,1000
LIC MF Large & Mid Cap Fund,Equity,Large & Mid Cap Funds,6,3,0.84,1888.0,8,1.34,0.78,0.84,-4.3,22.8,10.9,1000
LIC MF Large Cap Fund,Equity,Large Cap Mutual Funds,6,2,1.39,648.0,10,1.08,-3.35,0.88,-3.2,19.7,10.9,1000
LIC MF Liquid Fund,Debt,Liquid Mutual Funds,3,3,0.16,5996.0,10,0.97,1.33,0.73,5.6,4.4,5.3,1000
LIC MF Nifty 50 Index Fund,Other,Index Funds,6,3,0.2,53.0,10,1.3,-0.85,1,1.0,25.8,11.7,1000
LIC MF Overnight Fund,Debt,Overnight Mutual Funds,1,4,0.07,951.0,4,0.02,0.57,0.42,5.4,3.9,8.9,1000
LIC MF S&P BSE Sensex Index Fund,Other,Index Funds,6,3,0.38,68.0,10,1.23,-1.81,1,2.2,25.4,12.6,1000
LIC MF Savings Fund,Debt,Low Duration Funds,2,3,0.27,707.0,10,1.57,2.95,1.01,5.0,5.9,5.6,1000
LIC MF Short Term Debt Fund,Debt,Short Duration Funds,3,2,0.37,110.0,4,0.76,4.66,2.57,3.7,5.7,8.9,1000
LIC MF Tax Plan – Direct Growth,Equity,ELSS Mutual Funds,6,2,1.47,401.0,10,1.25,-0.72,0.81,-1.9,20.5,9.9,500
LIC MF Ultra Short Term Fund,Debt,Ultra Short Duration Funds,1,1,0.3,40.0,3,0.85,1.33,0.75,5.0,4.5,8.9,1000
Mahindra Manulife Aggressive Hybrid Fund,Hybrid,Aggressive Hybrid Mutual Funds,6,4,0.65,615.0,4,1.62,4.52,0.85,2.7,24.6,8.9,500
Mahindra Manulife Consumption Fund,Equity,Sectoral / Thematic Mutual Funds,6,0,0.82,54.0,4,1.33,0.66,0.77,5.7,21.3,8.9,500
Mahindra Manulife Dynamic Bond Fund,Debt,Dynamic Bond,3,2,0.51,66.0,5,-0.01,-0.19,0.65,3.4,4.4,8.9,500
Mahindra Manulife ELSS Fund,Equity,ELSS Mutual Funds,6,3,0.73,525.0,6,1.53,2.66,0.94,2.3,29.3,12.0,500
Mahindra Manulife Equity Savings Fund,Hybrid,Equity Savings Mutual Funds,4,4,0.7,418.0,6,1.56,3.84,1.24,1.7,32.4,13.3,500
Mahindra Manulife Large & Mid Cap Fund,Equity,Large & Mid Cap Funds,6,5,0.51,1056.0,3,1.61,4.98,0.88,-1.1,30.4,8.9,500
Mahindra Manulife Large Cap Fund,Equity,Large Cap Mutual Funds,6,4,0.67,215.0,4,1.25,-1.04,0.9,0.3,25.7,8.9,500
Mahindra Manulife Liquid Fund,Debt,Liquid Mutual Funds,3,5,0.15,514.0,7,1.15,1.41,0.74,5.7,4.5,5.4,0
Mahindra Manulife Low Duration Fund,Debt,Low Duration Funds,3,3,0.37,395.0,6,1.63,2.67,1.07,5.2,5.5,6.4,500
Mahindra Manulife Mid Cap Fund,Equity,Mid Cap Mutual Funds,6,3,0.66,1060.0,5,1.57,-0.01,0.89,3.7,31.0,14.7,500
Mahindra Manulife Multi Cap Fund,Equity,Multi Cap Funds,6,0,0.49,1515.0,6,1.58,4.41,0.98,1.2,32.6,15.8,500
Mahindra Manulife Overnight Fund,Debt,Overnight Mutual Funds,1,4,0.12,345.0,4,0.1,0.61,0.43,5.4,3.9,8.9,0
Mahindra Manulife Short Duration Fund,Debt,Short Duration Funds,3,3,0.29,43.0,2,-,-,-,4.4,18.5,8.9,500
Mahindra Manulife Ultra Short Duration Fund,Debt,Ultra Short Duration Funds,2,4,0.35,170.0,3,1.74,2.38,1.05,5.5,5.1,8.9,500
Mirae Asset Banking and PSU Debt Fund,Debt,Banking and PSU Mutual Funds,2,3,0.34,89.0,3,-,-,-,3.7,18.5,8.9,1000
Mirae Asset Cash Management Fund,Debt,Liquid Mutual Funds,2,3,0.17,5983.0,10,1,1.3,0.7,5.6,4.3,5.3,1000
Mirae Asset Corporate Bond Fund,Debt,Corporate Bond Mutual Funds,2,3,0.46,57.0,2,-,-,-,3.7,18.5,8.9,1000
Mirae Asset Dynamic Bond Fund,Debt,Dynamic Bond,3,2,0.18,213.0,6,0.19,0.15,1.14,2.8,4.5,7.2,1000
Mirae Asset Emerging Bluechip Fund,Equity,Large & Mid Cap Funds,6,5,0.68,23394.0,10,1.51,3.14,0.95,-1.2,29.4,15.1,1000
Mirae Asset Equity Savings Fund,Hybrid,Equity Savings Mutual Funds,4,5,0.43,573.0,4,1.66,4.3,1.06,3.7,16.1,8.9,1000
Mirae Asset Focused Fund,Equity,Focused Funds,6,4,0.59,8615.0,4,1.47,2.4,0.92,-4.9,28.4,8.9,1000
Mirae Asset Great Consumer Fund,Equity,Sectoral / Thematic Mutual Funds,6,3,0.5,1989.0,10,1.68,6.38,0.7,8.1,27.2,14.0,1000
Mirae Asset Healthcare Fund,Equity,Sectoral / Thematic Mutual Funds,6,0,0.52,1505.0,5,1,2.95,0.99,-10.7,25.0,8.9,1000
Mirae Asset Hybrid – Equity Fund,Hybrid,Aggressive Hybrid Mutual Funds,6,4,0.36,6952.0,8,1.42,1.95,0.84,1.7,21.9,12.2,1000
Mirae Asset Large Cap Fund,Equity,Large Cap Mutual Funds,6,3,0.53,32910.0,10,1.36,0.41,0.92,0.6,25.3,12.1,1000
Mirae Asset Midcap Fund,Equity,Mid Cap Mutual Funds,6,4,0.58,8753.0,4,1.76,2.67,0.92,1.2,35.0,8.9,1000
Mirae Asset Money Market Fund,Debt,Money Market Funds,2,3,0.25,59.0,2,-,-,-,5.3,18.5,8.9,1000
Mirae Asset Overnight Fund,Debt,Overnight Mutual Funds,1,5,0.11,632.0,3,0.2,0.67,0.45,5.4,3.9,8.9,1000
Mirae Asset Savings Fund,Debt,Low Duration Funds,2,3,0.37,606.0,10,1.47,2.65,1.03,5.2,5.6,5.9,1000
Mirae Asset Short Term Fund,Debt,Short Duration Funds,2,3,0.31,406.0,5,1.05,4.26,2.04,4.5,6.1,6.7,1000
Mirae Asset Tax Saver Fund,Equity,ELSS Mutual Funds,6,5,0.54,14043.0,7,1.52,2.58,0.98,0.6,30.3,15.3,500
Mirae Asset Ultra Short Duration Fund,Debt,Ultra Short Duration Funds,2,3,0.29,284.0,2,-,-,-,5.5,18.5,8.9,1000
Motilal Oswal Balance Advantage Fund,Hybrid,Dynamic Asset Allocation or Balanced Advantage,6,1,1.19,667.0,6,0.62,-4.94,0.62,0.3,9.9,5.6,500
Motilal Oswal Equity Hybrid Fund,Hybrid,Aggressive Hybrid Mutual Funds,6,3,0.94,385.0,5,1.16,-1.13,0.82,1.7,32.4,13.3,500
Motilal Oswal Flexi Cap Fund,Equity,Flexi Cap Funds,6,1,0.97,8332.0,9,0.9,-6.29,0.86,-1.6,16.4,4.9,500
Motilal Oswal Focused Fund,Equity,Focused Funds,6,2,1.0,1643.0,10,1.01,-4.81,0.94,2.6,20.4,10.6,500
Motilal Oswal Large and Midcap Fund,Equity,Large & Mid Cap Funds,6,3,0.73,1415.0,3,1.55,5.27,0.85,10.7,28.9,8.9,500
Motilal Oswal Liquid Fund,Debt,Liquid Mutual Funds,2,1,0.21,484.0,4,-0.08,0.88,0.68,5.2,3.8,8.9,500
Motilal Oswal Long Term Equity Fund,Equity,ELSS Mutual Funds,6,3,0.8,2187.0,8,1.36,1.02,0.88,8.5,25.0,10.0,500
Motilal Oswal Midcap Fund,Equity,Mid Cap Mutual Funds,6,5,0.87,3769.0,9,1.98,7.69,0.77,14.6,34.0,16.4,500
Motilal Oswal Nasdaq 100 FOF – Direct Growth,Other,FoFs Overseas,6,0,0.1,3378.0,4,0.77,-,-,-6.2,21.4,8.9,500
Motilal Oswal Nifty 50 Index Fund,Other,Index Funds,6,4,0.14,234.0,3,1.31,-0.6,0.99,0.1,26.0,8.9,500
Motilal Oswal Nifty 500 Index Fund,Other,Index Funds,6,3,0.4,372.0,4,1.34,-0.81,0.99,-1.2,26.7,8.9,500
Motilal Oswal Nifty Bank Index Fund,Other,Index Funds,6,2,0.21,332.0,4,0.95,0,1,10.8,25.0,8.9,500
Motilal Oswal Nifty Midcap 150 Index Fund,Other,Index Funds,6,3,0.22,644.0,4,1.58,-1.33,1.03,4.8,33.7,8.9,500
Motilal Oswal Nifty Next 50 Index Fund,Other,Index Funds,6,2,0.33,118.0,3,0.95,-4.95,0.98,-5.9,21.8,8.9,500
Motilal Oswal Nifty Smallcap 250 Index Fund,Other,Index Funds,6,2,0.31,312.0,4,1.52,-1.24,0.99,-4.8,37.1,8.9,500
Motilal Oswal Ultra Short Term Fund,Debt,Ultra Short Duration Funds,1,1,0.58,101.0,10,-0.09,1.32,1.01,4.7,3.9,1.8,500
Navi 3 In 1 Fund,Hybrid,Multi Asset Allocation Mutual Funds,6,2,0.34,15.0,10,1.41,0.91,0.89,0.2,32.6,12.4,500
Navi ELSS Tax Saver Fund,Equity,ELSS Mutual Funds,6,2,0.4,56.0,7,-,-,-,1.3,23.4,10.5,500
Navi Equity Hybrid Fund,Hybrid,Aggressive Hybrid Mutual Funds,6,3,0.42,82.0,5,1.41,1.73,0.77,3.2,19.7,8.9,500
Navi Flexi Cap Fund,Equity,Flexi Cap Funds,6,3,0.43,202.0,5,1.41,0.91,0.89,2.1,25.9,8.9,500
Navi Large & Midcap Fund,Equity,Large & Mid Cap Funds,6,3,0.35,234.0,7,1.61,5.26,0.85,1.6,28.7,12.7,500
Navi Large Cap Equity Fund,Equity,Large Cap Mutual Funds,6,2,0.31,91.0,10,1.61,5.26,0.85,0.2,32.6,12.4,500
Navi Regular Savings Fund,Hybrid,Conservative Hybrid Mutual Funds,4,3,0.39,26.0,10,1.38,1.01,0.5,4.4,8.4,6.5,500
Navi Ultra Short Term Fund,Debt,Ultra Short Duration Funds,2,1,0.73,11.0,10,0.79,1.07,0.59,1.7,32.4,13.3,500
Nippon India Arbitrage Fund,Hybrid,Arbitrage Mutual Funds,1,4,0.21,9234.0,10,1.31,1.74,0.61,5.6,4.9,5.7,100
Nippon India Balanced Advantage Fund,Hybrid,Dynamic Asset Allocation or Balanced Advantage,5,3,0.65,6593.0,10,1.58,3.1,0.56,5.3,17.1,10.1,100
Nippon India Banking & PSU Debt Fund,Debt,Banking and PSU Mutual Funds,3,4,0.33,4008.0,8,1.08,5.1,2.27,4.2,6.9,7.4,100
Nippon India Banking&Financial Services-DirGrowth,Equity,Sectoral / Thematic Mutual Funds,6,3,1.32,3826.0,10,1.15,6.01,0.93,8.8,28.3,9.5,100
Nippon India Consumption Fund,Equity,Sectoral / Thematic Mutual Funds,6,5,1.76,312.0,10,1.76,8.77,0.76,12.1,30.6,14.6,100
Nippon India Corporate Bond Fund,Debt,Corporate Bond Mutual Funds,3,5,0.32,1701.0,10,1.61,2.14,0.47,5.1,6.8,7.0,100
Nippon India Credit Risk Fund,Debt,Credit Risk Funds,5,2,1.0,927.0,10,1.26,6.08,0.9,4.8,9.5,4.4,100
Nippon India Dynamic Bond Fund,Debt,Dynamic Bond,3,1,0.28,3340.0,10,0.36,0.97,2,3.6,5.6,6.7,100
Nippon India Equity Hybrid Fund,Hybrid,Aggressive Hybrid Mutual Funds,5,1,1.31,2764.0,10,1.62,4.96,0.83,4.2,24.3,5.9,100
Nippon India Equity Savings Fund,Hybrid,Equity Savings Mutual Funds,2,1,0.69,178.0,8,1.41,2.71,0.89,3.9,12.2,1.3,100
Nippon India Floating Rate Fund,Debt,Floater Mutual Funds,3,3,0.27,7288.0,10,1.34,4.77,1.84,4.5,6.9,7.1,100
Nippon India Focused Equity Fund,Equity,Focused Funds,6,3,1.2,5929.0,10,1.4,2.01,1.12,3.2,33.0,11.9,100
Nippon India Gold Savings Fund,Other,FoFs Domestic,5,2,0.19,1447.0,10,0.46,-0.52,1.04,14.2,11.7,13.1,100
Nippon India Growth Fund,Equity,Mid Cap Mutual Funds,6,4,1.09,13409.0,10,1.74,2.25,0.91,5.6,32.4,14.5,100
Nippon India GSF – Direct Growth,Debt,Gilt Mutual Funds,2,3,0.63,1158.0,10,0.45,0.57,0.69,4.4,5.5,8.3,100
Nippon India Hybrid Bond Fund,Hybrid,Conservative Hybrid Mutual Funds,6,1,1.26,716.0,10,2.17,3.09,0.33,5.1,9.6,3.4,100
Nippon India Income Fund,Debt,Medium to Long Duration Funds,2,3,0.58,238.0,10,0.5,1.14,1.43,6.0,5.8,7.9,100
Nippon India Index Fund,Other,Index Funds,6,4,0.15,374.0,10,1.28,-1.01,1,1.5,25.6,13.0,100
Nippon India Index Fund,Other,Index Funds,6,3,0.2,638.0,10,1.26,-1.48,0.99,0.9,26.0,11.9,100
Nippon India Large Cap Fund,Equity,Large Cap Mutual Funds,6,3,1.01,12524.0,10,1.44,2.97,1,8.4,29.5,12.6,100
Nippon India Liquid Fund,Debt,Liquid Mutual Funds,2,3,0.2,25358.0,10,1.01,1.5,0.83,5.6,4.4,5.4,100
Nippon India Low Duration Fund,Debt,Low Duration Funds,2,4,0.37,6232.0,10,1.82,2.56,0.58,5.3,6.2,6.5,100
Nippon India Money Market Fund,Debt,Money Market Funds,3,5,0.21,10718.0,10,2.11,2.79,1.21,5.7,5.3,6.3,100
Nippon India Multi Cap Fund,Equity,Multi Cap Funds,6,0,1.12,14091.0,10,1.55,6.54,0.99,10.7,33.7,13.2,100
Nippon India Nifty Next 50 Junior BeES FoF-Dir Growth,Other,FoFs Domestic,6,2,0.02,148.0,4,0.99,-4.27,0.99,-5.8,21.8,8.9,100
Nippon India Overnight Fund,Debt,Overnight Mutual Funds,1,4,0.08,8861.0,4,0.07,0.63,0.46,5.4,3.9,8.9,100
Nippon India Pharma Fund,Equity,Sectoral / Thematic Mutual Funds,6,0,1.17,4267.0,10,0.99,2.71,0.95,-7.0,24.7,15.6,100
Nippon India Power & Infra Fund,Equity,Sectoral / Thematic Mutual Funds,6,3,1.58,1871.0,10,1.67,9.72,0.7,20.4,37.2,10.1,100
Nippon India Quant Fund,Equity,Sectoral / Thematic Mutual Funds,6,0,0.54,34.0,10,1.47,2.11,0.84,5.0,26.9,11.9,100
Nippon India Retirement Fund,Solution Oriented,Retirement Funds,4,2,0.85,172.0,8,0.76,-0.72,0.61,4.0,8.4,7.4,500
Nippon India Retirement Fund,Solution Oriented,Retirement Funds,6,1,1.03,2233.0,8,1.34,-0.56,0.95,1.3,25.3,6.7,500
Nippon India Short Term Fund,Debt,Short Duration Funds,3,4,0.34,5147.0,10,1.47,4.95,1.94,4.3,6.7,7.2,100
Nippon India Small Cap Fund,Equity,Small Cap Mutual Funds,6,4,0.86,23910.0,10,2.06,10.01,0.89,8.7,47.6,16.8,100
Nippon India Strategic Debt Fund,Debt,Medium Duration Funds,6,2,1.4,151.0,9,0.5,4.14,0.16,2.7,8.3,-0.9,100
Nippon India Tax Saver (ELSS) Fund,Equity,ELSS Mutual Funds,6,1,1.18,11210.0,10,1.37,0.53,0.98,1.8,27.3,6.5,500
Nippon India US Equity Opportunities Fund,Equity,Sectoral / Thematic Mutual Funds,6,0,1.22,534.0,8,0.67,-,-,1.7,32.4,13.3,100
Nippon India USD Fund,Debt,Ultra Short Duration Funds,3,5,0.38,5114.0,10,1.54,3.47,0.53,5.9,7.0,5.9,100
Nippon India Value Fund,Equity,Value Funds,6,3,1.21,4641.0,10,1.54,4.25,0.97,0.0,30.3,12.2,100
Nippon India Vision Fund,Equity,Large & Mid Cap Funds,6,1,1.55,3024.0,10,1.48,2.62,0.91,2.1,27.4,9.3,100
Parag Parikh Flexi Cap Fund,Equity,Flexi Cap Funds,6,5,0.75,29953.0,10,1.86,10.65,0.7,2.3,33.6,17.6,1000
Parag Parikh Liquid Fund,Debt,Liquid Mutual Funds,2,1,0.17,1456.0,5,0.13,0.87,0.62,5.3,4.0,8.9,1000
Parag Parikh Tax Saver Fund,Equity,ELSS Mutual Funds,6,5,0.8,1147.0,4,2.11,12.64,0.62,8.0,33.0,8.9,1000
PGIM India Arbitrage Fund,Hybrid,Arbitrage Mutual Funds,1,2,0.33,168.0,9,0.73,1.06,0.41,5.3,4.5,5.2,1000
PGIM India Banking&PSU Debt Fund,Debt,Banking and PSU Mutual Funds,2,3,0.25,53.0,10,0.99,3.87,1.62,4.1,6.4,7.1,1000
PGIM India Corporate Bond Fund,Debt,Corporate Bond Mutual Funds,2,4,0.29,49.0,10,1.21,1.95,0.58,4.3,6.8,6.9,1000
PGIM India Dynamic Bond Fund,Debt,Dynamic Bond,2,3,0.36,135.0,10,0.68,1.08,0.85,4.6,5.7,7.4,1000
PGIM India Elss Tax Saver Fund,Equity,ELSS Mutual Funds,6,4,1.0,451.0,7,1.64,4.67,0.92,2.9,31.8,13.7,500
PGIM India Equity Savings Fund,Hybrid,Equity Savings Mutual Funds,2,3,0.42,143.0,10,1.86,4.09,0.6,4.3,12.6,8.0,1000
PGIM India Flexi Cap Fund,Equity,Flexi Cap Funds,6,5,0.4,5199.0,8,1.6,5.27,0.99,-2.3,34.0,15.7,1000
PGIM India GEO Fund,Other,FoFs Overseas,6,0,1.44,1336.0,10,0.55,-,-,-7.9,18.9,14.1,1000
PGIM India Gilt Fund,Debt,Gilt Mutual Funds,3,3,0.39,135.0,10,0.54,0.65,0.47,4.2,5.3,7.0,1000
PGIM India Hybrid Equity Fund,Hybrid,Aggressive Hybrid Mutual Funds,6,2,0.68,217.0,10,1.35,2.02,0.78,4.0,20.6,9.0,1000
PGIM India Large Cap Fund,Equity,Large Cap Mutual Funds,6,2,0.98,427.0,10,1.28,-0.62,0.89,4.7,24.1,10.9,1000
PGIM India Liquid Fund,Debt,Liquid Mutual Funds,2,3,0.17,809.0,10,1.07,1.42,0.76,5.6,4.4,5.4,1000
PGIM India Low Duration Fund,Debt,Low Duration Funds,2,1,0.35,97.0,10,0.07,0.46,0.27,5.5,4.3,2.0,1000
PGIM India Midcap Opportunities Fund,Equity,Mid Cap Mutual Funds,6,5,0.46,7707.0,9,1.92,6.9,0.97,2.0,42.9,19.0,1000
PGIM India Money Market Fund,Debt,Money Market Funds,2,4,0.15,235.0,3,1.92,2.48,1.14,5.7,5.1,8.9,1000
PGIM India Overnight Fund,Debt,Overnight Mutual Funds,1,4,0.12,75.0,4,0.16,0.67,0.46,5.4,3.9,8.9,1000
PGIM India Short Duration Fund,Debt,Short Duration Funds,2,3,0.5,29.0,10,1.04,3.73,1.62,4.5,6.3,4.6,1000
PGIM India Ultra Short Duration Fund,Debt,Ultra Short Duration Funds,2,3,0.25,405.0,10,1.9,2.45,1.08,5.5,5.2,7.3,1000
Quant Absolute Fund,Hybrid,Aggressive Hybrid Mutual Funds,6,5,0.56,1013.0,10,2.12,16.98,0.73,7.3,38.2,19.1,1000
Quant Active Fund,Equity,Multi Cap Funds,6,0,0.58,3531.0,10,1.87,13.82,0.97,1.0,45.5,19.9,1000
Quant Flexi Cap Fund,Equity,Flexi Cap Funds,6,5,0.58,1044.0,10,1.94,15.93,0.91,6.8,47.7,18.2,1000
Quant Focused Fund,Equity,Focused Funds,6,5,0.57,219.0,10,1.61,8.6,0.85,5.2,33.7,13.1,1000
Quant Infrastructure Fund,Equity,Sectoral / Thematic Mutual Funds,6,5,0.64,822.0,10,2.3,27.24,0.53,5.6,61.5,21.1,1000
Quant Large and Mid Cap Fund,Equity,Large & Mid Cap Funds,6,5,0.56,652.0,10,1.51,6.57,0.88,6.9,33.0,14.2,1000
Quant Liquid Plan – Direct Growth,Debt,Liquid Mutual Funds,2,5,0.29,1561.0,10,3.52,1.58,0.47,5.6,4.9,5.9,1000
Quant Mid Cap Fund,Equity,Mid Cap Mutual Funds,6,5,0.63,1550.0,10,1.95,11.21,0.86,8.8,45.1,19.8,1000
Quant Multi Asset Fund,Hybrid,Multi Asset Allocation Mutual Funds,6,5,0.56,634.0,10,1.79,19.52,0.75,10.6,42.6,20.5,1000
Quant Small Cap Fund,Equity,Small Cap Mutual Funds,6,5,0.64,3301.0,10,2.11,19.16,0.99,5.4,71.4,23.2,1000
Quant Tax Plan- Direct Growth,Equity,ELSS Mutual Funds,6,5,0.57,2779.0,10,2.03,17.63,0.96,0.9,54.9,22.2,500
Quantum Dynamic Bond Fund,Debt,Dynamic Bond,3,3,0.61,85.0,8,0.66,0.93,0.83,5.4,5.9,6.9,500
Quantum Equity Fund,Other,FoFs Domestic,6,2,0.51,88.0,14,1.32,-0.78,0.86,-0.5,22.9,9.1,500
Quantum Gold Savings Fund,Other,FoFs Domestic,5,1,0.06,83.0,12,0.44,-0.98,0.99,14.3,11.7,13.0,500
Quantum Liquid Fund,Debt,Liquid Mutual Funds,1,2,0.15,628.0,17,0.19,0.94,0.65,5.4,4.0,4.9,500
Quantum Long Term Equity Value Fund,Equity,Value Funds,6,2,1.29,837.0,17,1.42,2.04,0.9,2.4,26.5,8.8,500
Quantum Multi Asset Fund,Other,FoFs Domestic,4,3,0.1,49.0,11,1.24,0.61,0.42,5.5,12.4,8.1,500
Quantum Tax Saving Fund,Equity,ELSS Mutual Funds,6,3,1.29,115.0,14,1.44,1.68,0.88,2.9,26.6,8.9,500
SBI Arbitrage Opportunities Fund,Hybrid,Arbitrage Mutual Funds,1,2,0.36,8800.0,10,0.77,1.18,0.45,5.8,4.5,5.4,500
SBI Banking & Financial Services Fund,Equity,Sectoral / Thematic Mutual Funds,6,5,0.78,3747.0,8,0.95,0.4,0.85,5.5,22.4,12.5,500
SBI Banking and PSU Fund,Debt,Banking and PSU Mutual Funds,3,2,0.35,4982.0,10,0.73,4.72,2.4,3.8,6.2,7.0,500
SBI BlueChip Fund,Equity,Large Cap Mutual Funds,6,3,0.9,33987.0,10,1.39,1.08,0.96,4.2,27.0,11.4,500
SBI Conservative Hybrid Fund,Hybrid,Conservative Hybrid Mutual Funds,5,4,0.57,7250.0,10,2.23,5.19,0.56,6.2,13.8,8.8,500
SBI Consumption Opportunities Fund,Equity,Sectoral / Thematic Mutual Funds,6,4,1.18,1185.0,10,1.77,10.04,0.76,11.1,31.0,12.7,500
SBI Contra Fund,Equity,Contra Funds,6,5,0.91,8340.0,10,2.13,15.26,0.89,15.0,43.4,15.6,500
SBI Corporate Bond Fund,Debt,Corporate Bond Mutual Funds,2,3,0.34,16551.0,4,0.92,1.51,0.75,4.1,6.4,8.9,500
SBI Credit Risk Fund,Debt,Credit Risk Funds,5,3,0.92,2782.0,10,1.5,2.96,0.17,5.2,7.2,7.0,500
SBI Dynamic Bond Fund,Debt,Dynamic Bond,3,4,0.87,2407.0,10,0.66,1.34,1.06,5.9,5.9,7.9,500
SBI Equity Hybrid Fund,Hybrid,Aggressive Hybrid Mutual Funds,6,3,0.79,54492.0,10,1.25,0.1,0.79,-1.9,18.4,10.8,500
SBI Equity Minimum Variance – Direct Growth,Equity,Sectoral / Thematic Mutual Funds,6,0,0.42,134.0,4,1.47,2.72,0.81,4.9,27.0,8.9,500
SBI Equity Savings Fund,Hybrid,Equity Savings Mutual Funds,4,3,0.67,2264.0,8,1.47,2.91,1.02,2.2,14.6,8.1,500
SBI Flexi Cap Fund,Equity,Flexi Cap Funds,6,3,0.85,15602.0,10,1.4,0.62,0.88,-1.0,25.2,11.0,500
SBI Floating Rate Debt Fund,Debt,Floater Mutual Funds,2,3,0.26,1604.0,2,-,-,-,5.0,18.5,8.9,500
SBI FMP – Series 1 (3668 Days) – Direct Growth,Debt,Fixed Maturity Plans,3,0,0.0,40.0,4,0.69,9.3,5.09,4.8,6.2,8.9,0
SBI Focused Equity Fund,Equity,Focused Funds,6,3,0.69,26561.0,10,1.17,-0.62,0.81,-4.9,22.0,12.2,500
SBI Gold Fund,Other,FoFs Domestic,6,3,0.1,1265.0,10,0.44,-0.94,0.98,14.8,11.9,13.4,500
SBI Healthcare Opportunities Fund,Equity,Sectoral / Thematic Mutual Funds,6,0,1.09,1574.0,10,1.09,4.45,0.87,-1.6,25.7,13.6,500
SBI Infrastructure Fund,Equity,Sectoral / Thematic Mutual Funds,6,4,1.88,927.0,10,1.79,10.52,0.57,12.8,33.5,13.0,500
SBI Large & Midcap Fund,Equity,Large & Mid Cap Funds,6,5,0.99,9441.0,10,1.67,6.49,0.89,6.5,30.2,13.6,500
SBI Liquid Fund,Debt,Liquid Mutual Funds,2,3,0.18,57052.0,10,0.88,1.35,0.76,5.6,4.3,5.3,500
SBI Long Term Advantage Fund,Equity,ELSS Mutual Funds,4,0,1.75,164.0,6,1.79,12.2,0.87,0.1,43.3,19.5,0
SBI Long Term Advantage Fund,Equity,ELSS Mutual Funds,4,0,1.76,57.0,7,1.9,10.16,0.83,1.1,36.2,15.4,0
SBI Long Term Advantage Fund,Equity,ELSS Mutual Funds,4,0,1.76,30.0,8,1.85,9.72,0.83,0.5,35.5,14.5,0
SBI Long Term Advantage Fund,Equity,ELSS Mutual Funds,4,0,1.76,36.0,8,1.87,10.17,0.84,1.0,36.4,14.0,0
SBI Long Term Advantage Fund,Equity,ELSS Mutual Funds,4,0,1.76,222.0,5,1.61,4.52,0.84,4.5,28.2,8.9,0
SBI Long Term Advantage Fund,Equity,ELSS Mutual Funds,4,0,1.76,278.0,5,1.32,-0.17,0.88,-2.7,25.1,8.9,0
SBI Long Term Equity Fund,Equity,ELSS Mutual Funds,6,3,1.07,12158.0,10,1.59,3.78,0.9,8.7,30.1,11.6,500
SBI Magnum Children’s Benefit Fund,Solution Oriented,Childrens Funds,4,4,0.86,89.0,10,1.72,6.29,0.57,3.1,15.2,8.3,500
SBI Magnum Comma Fund,Equity,Sectoral / Thematic Mutual Funds,6,0,2.03,417.0,10,1.24,1.41,1.06,-12.1,30.9,11.3,500
SBI Magnum Equity ESG Fund,Equity,Sectoral / Thematic Mutual Funds,6,0,1.35,4456.0,10,1.29,-0.26,0.92,-2.7,24.2,12.2,500
SBI Magnum Gilt Fund,Debt,Gilt Mutual Funds,3,5,0.46,4301.0,10,0.77,1.45,0.53,5.7,6.1,8.3,500
SBI Magnum Global Fund,Equity,Sectoral / Thematic Mutual Funds,6,0,1.25,5257.0,10,1.42,3.66,0.64,1.6,24.1,11.5,500
SBI Magnum Income Fund,Debt,Medium to Long Duration Funds,4,4,0.8,1510.0,10,0.94,1.92,1.04,4.8,6.9,7.8,500
SBI Magnum Low Duration Fund,Debt,Low Duration Funds,3,3,0.4,7717.0,10,1.58,3.11,1.37,5.2,5.6,6.4,500
SBI Magnum Medium Duration Fund,Debt,Medium Duration Funds,4,4,0.69,7087.0,10,1.18,2.34,0.87,4.6,7.2,7.9,500
SBI Magnum Midcap Fund,Equity,Mid Cap Mutual Funds,6,4,0.97,8732.0,10,1.89,5.5,0.91,6.4,37.0,13.5,500
SBI Magnum Ultra Short Duration Fund,Debt,Ultra Short Duration Funds,2,2,0.31,8907.0,10,1.49,2.47,1.2,5.2,5.1,6.1,2000
SBI Multi Asset Allocation Fund,Hybrid,Multi Asset Allocation Mutual Funds,6,3,0.88,609.0,10,1.35,2.18,0.48,5.9,16.1,9.6,500
SBI Nifty Index Fund,Other,Index Funds,6,3,0.18,3324.0,10,1.31,-0.69,1,0.9,26.0,11.8,500
SBI Overnight Fund,Debt,Overnight Mutual Funds,1,2,0.1,19888.0,10,-0.05,0.56,0.43,5.3,3.9,4.6,2000
SBI PSU Fund,Equity,Sectoral / Thematic Mutual Funds,6,0,1.42,505.0,10,1.1,-0.18,0.78,16.0,26.3,7.4,500
SBI Savings Fund,Debt,Money Market Funds,3,3,0.23,19441.0,10,1.93,2.73,1.19,5.5,5.3,6.2,500
SBI Short Term Debt Fund,Debt,Short Duration Funds,2,3,0.35,13289.0,10,1.02,5,2.44,4.6,6.4,6.8,500
SBI Small Cap Fund,Equity,Small Cap Mutual Funds,6,4,0.7,15395.0,10,1.88,6.48,0.75,8.2,38.3,15.3,500
SBI Tax Advantage Fund,Equity,ELSS Mutual Funds,4,0,1.76,28.0,9,1.85,9.96,0.84,1.9,41.1,21.8,0
SBI Technology Opportunities Fund,Equity,Sectoral / Thematic Mutual Funds,6,0,0.87,2861.0,10,1.51,8.38,0.77,-8.7,37.1,21.0,500
Shriram Balanced Advantage Fund,Hybrid,Dynamic Asset Allocation or Balanced Advantage,6,3,0.6,48.0,4,1.22,-0.22,0.53,2.9,13.9,8.9,1000
Shriram Flexi Cap Fund,Equity,Flexi Cap Funds,6,2,0.65,60.0,4,1.19,-2.52,0.85,1.4,21.5,8.9,1000
Shriram Hybrid Equity Fund,Hybrid,Aggressive Hybrid Mutual Funds,6,3,0.65,56.0,9,1.16,-1.5,0.81,0.7,17.7,8.9,1000
Shriram Long Term Equity Fund,Equity,ELSS Mutual Funds,6,3,0.6,36.0,4,1.14,-3.01,0.83,0.8,20.1,8.9,500
Sundaram Aggressive Hybrid Fund,Hybrid,Aggressive Hybrid Mutual Funds,5,4,0.67,2981.0,10,1.46,2.31,0.8,1.2,21.7,9.7,100
Sundaram Arbitrage Fund,Hybrid,Arbitrage Mutual Funds,2,1,0.28,108.0,7,0.33,0.75,0.39,5.3,3.3,2.8,500
Sundaram Balanced Advantage Fund,Hybrid,Dynamic Asset Allocation or Balanced Advantage,4,5,0.62,1532.0,10,1.51,2.13,0.51,3.9,11.9,7.2,500
Sundaram Banking & PSU Debt Fund,Debt,Banking and PSU Mutual Funds,2,2,0.19,450.0,10,0.48,3.49,2.13,3.5,5.0,6.1,250
Sundaram Consumption Fund,Equity,Sectoral / Thematic Mutual Funds,6,2,1.46,1106.0,10,1.28,0.56,0.8,7.3,22.5,8.8,100
Sundaram Corporate Bond Fund,Debt,Corporate Bond Mutual Funds,2,4,0.28,996.0,10,1.15,1.84,0.58,4.5,6.8,7.3,250
Sundaram Debt Oriented Hybrid Fund,Hybrid,Conservative Hybrid Mutual Funds,3,2,1.2,30.0,10,1.33,2.48,0.62,4.1,11.6,6.2,100
Sundaram Diversified Equity – Direct Growth,Equity,ELSS Mutual Funds,6,2,1.66,1623.0,10,1.41,0.65,0.9,2.2,26.1,8.9,100
Sundaram Dividend Yield Fund,Equity,Dividend Yield Funds,6,0,1.02,382.0,10,1.55,2.79,0.8,3.2,26.4,11.7,500
Sundaram Emerging Small Cap Series III – Dir Growth,Equity,Small Cap Mutual Funds,2,0,0.75,297.0,5,1.97,8.84,0.86,9.4,43.7,8.9,0
Sundaram Emerging Small Cap Series IV – Dir Growth,Equity,Small Cap Mutual Funds,4,0,0.75,208.0,5,1.9,7.54,0.85,6.7,41.4,8.9,0
Sundaram Emerging Small Cap Series V – Dir Growth,Equity,Small Cap Mutual Funds,6,0,0.79,79.0,5,1.93,8.3,0.86,7.6,42.3,8.9,0
Sundaram Emerging Small Cap Series VI – Dir Growth,Equity,Small Cap Mutual Funds,6,0,0.77,41.0,5,1.95,8.43,0.84,7.8,41.9,8.9,0
Sundaram Emerging Small Cap Series VII – Dir Growth,Equity,Small Cap Mutual Funds,6,0,0.97,141.0,4,1.86,6.51,0.76,8.0,36.9,8.9,0
Sundaram Equity Savings Fund,Hybrid,Equity Savings Mutual Funds,3,4,0.54,415.0,10,1.5,2.5,0.94,3.9,16.8,9.9,500
Sundaram Fin Serv Opportunities – Direct Growth,Equity,Sectoral / Thematic Mutual Funds,6,4,0.51,601.0,10,1.06,2.92,0.89,11.4,25.9,12.6,100
Sundaram Focused Fund,Equity,Focused Funds,6,4,1.2,771.0,10,1.22,-1.91,0.94,-1.8,24.5,13.1,100
Sundaram Global Brand Fund,Other,FoFs Overseas,6,0,1.42,117.0,10,0.88,-,-,2.4,20.5,7.7,100
Sundaram Infrastructure Advantage Fund,Equity,Sectoral / Thematic Mutual Funds,6,2,1.87,594.0,10,1.55,6.79,0.68,7.3,32.5,9.1,100
Sundaram Large and Mid Cap Fund,Equity,Large & Mid Cap Funds,6,3,0.72,4885.0,10,1.43,1.94,0.93,-1.3,25.4,11.7,100
Sundaram Large Cap Fund,Equity,Large Cap Mutual Funds,6,5,0.6,2855.0,2,1.3,-0.51,0.91,0.9,18.5,8.9,100
Sundaram Liquid Fund,Debt,Liquid Mutual Funds,2,4,0.17,4169.0,10,0.98,1.36,0.74,5.7,4.2,3.3,2000
Sundaram Low Duration Fund,Debt,Low Duration Funds,2,2,0.33,433.0,10,0.83,1.44,-1.59,5.6,4.9,1.8,2000
Sundaram LT MC Tax Advantage Fund,Equity,ELSS Mutual Funds,6,0,1.22,27.0,6,1.82,13.85,0.98,1.4,42.8,9.5,0
Sundaram LT MC Tax Advantage Fund,Equity,ELSS Mutual Funds,6,0,1.23,31.0,5,1.88,15.38,0.98,3.8,44.8,9.8,0
Sundaram LT MC Tax Advantage Fund,Equity,ELSS Mutual Funds,6,0,1.26,62.0,6,1.81,13.76,0.95,3.5,42.3,8.6,0
Sundaram LT Tax Advantage Fund,Equity,ELSS Mutual Funds,6,0,1.3,18.0,5,1.86,13.41,0.93,5.4,46.9,8.9,0
Sundaram LT Tax Advantage Fund,Equity,ELSS Mutual Funds,6,0,1.2,10.0,7,1.51,2.08,0.94,4.0,29.2,12.5,0
Sundaram LT Tax Advantage Fund,Equity,ELSS Mutual Funds,6,0,1.01,16.0,8,1.53,2.52,0.94,4.4,29.6,11.5,0
Sundaram Medium Term Bond Fund,Debt,Medium Duration Funds,3,2,1.11,45.0,10,0.05,-0.16,1.03,2.5,5.0,5.3,250
Sundaram Mid Cap Fund,Equity,Mid Cap Mutual Funds,6,2,1.04,7048.0,10,1.53,-1.14,0.87,4.3,27.4,8.2,100
Sundaram Money Market Fund,Debt,Money Market Funds,1,3,0.22,64.0,5,1.34,1.87,0.96,5.4,4.7,8.9,1000
Sundaram Multi Cap Fund,Equity,Multi Cap Funds,6,3,0.97,1795.0,10,1.48,2.11,0.9,-2.2,28.1,11.0,100
Sundaram Multi Cap Fund,Equity,Multi Cap Funds,6,0,0.79,84.0,5,1.39,0.55,0.91,1.5,25.0,8.9,0
Sundaram Multi Cap Fund,Equity,Multi Cap Funds,6,0,0.79,143.0,5,1.39,0.55,0.91,1.6,25.0,8.9,0
Sundaram Nifty 100 Equal Weight Fund,Other,Index Funds,6,2,0.46,52.0,10,1.27,-0.45,0.98,-3.1,26.2,8.2,500
Sundaram Overnight Fund,Debt,Overnight Mutual Funds,2,2,0.07,1006.0,4,-0.05,0.6,0.46,5.4,3.9,8.9,1000
Sundaram Services Fund,Equity,Sectoral / Thematic Mutual Funds,6,0,0.93,2272.0,5,1.6,4.81,0.92,3.2,31.3,8.9,750
Sundaram Short Duration Fund,Debt,Short Duration Funds,2,5,0.28,200.0,10,0.86,2.16,-1.49,4.8,6.4,4.8,2000
Sundaram Small Cap Fund,Equity,Small Cap Mutual Funds,6,2,1.01,1962.0,10,1.88,6.06,0.83,1.6,44.9,9.3,250
Sundaram Tax Savings Fund,Equity,ELSS Mutual Funds,6,3,1.76,930.0,10,1.48,1.74,0.92,1.2,27.7,9.9,500
Sundaram Ultra Short Duration Fund,Debt,Ultra Short Duration Funds,3,3,0.17,1412.0,10,1.85,2.16,0.99,5.7,4.7,4.5,2000
Tata Arbitrage Fund,Hybrid,Arbitrage Mutual Funds,1,5,0.28,5925.0,4,1.36,1.94,0.69,5.7,5.0,8.9,150
Tata Balanced Advantage Fund,Hybrid,Dynamic Asset Allocation or Balanced Advantage,4,4,0.28,6396.0,4,1.69,3.8,0.57,5.8,18.7,8.9,150
Tata Banking & Financial Services Fund,Equity,Sectoral / Thematic Mutual Funds,6,4,0.59,1272.0,7,1,1.61,0.81,11.9,23.2,12.6,150
Tata Banking & PSU Debt Fund,Debt,Banking and PSU Mutual Funds,2,3,0.23,262.0,3,0.89,4.51,1.85,4.0,6.9,8.9,150
Tata Digital India Fund,Equity,Sectoral / Thematic Mutual Funds,6,0,0.31,6765.0,7,1.37,6.11,0.92,-16.0,39.0,22.1,150
Tata Equity P/E Fund,Equity,Value Funds,6,2,0.91,5119.0,10,1.54,3.51,0.86,6.6,27.8,10.0,150
Tata Equity Saving Fund,Hybrid,Equity Savings Mutual Funds,4,3,0.12,142.0,10,1.54,2.17,0.81,3.4,12.0,7.5,150
Tata Ethical Fund,Equity,Sectoral / Thematic Mutual Funds,6,0,0.94,1501.0,10,1.53,4.88,0.74,-1.6,27.9,13.1,150
Tata Flexi Cap Fund,Equity,Flexi Cap Funds,6,2,0.77,2096.0,5,1.23,-1.52,0.79,-2.5,21.3,8.9,150
Tata Floating Rate Fund,Debt,Floater Mutual Funds,2,4,0.3,225.0,2,-,-,-,5.6,18.5,8.9,150
Tata Focused Equity Fund,Equity,Focused Funds,6,3,0.46,1212.0,3,1.43,1.14,0.96,0.4,28.4,8.9,150
Tata Gilt Securities Fund,Debt,Gilt Mutual Funds,2,2,0.9,256.0,10,0.27,0.07,0.66,5.2,4.8,6.9,150
Tata Hybrid Equity Fund,Hybrid,Aggressive Hybrid Mutual Funds,6,3,1.05,3166.0,10,1.47,2.77,0.84,6.2,22.8,10.5,150
Tata India Consumer Fund,Equity,Sectoral / Thematic Mutual Funds,6,2,0.91,1346.0,7,1.31,1.38,0.73,2.8,23.0,10.6,150
Tata India Pharma & Healthcare Fund,Equity,Sectoral / Thematic Mutual Funds,6,0,1.01,485.0,7,1,2.68,0.86,-8.1,21.7,14.8,150
Tata India Tax Savings Fund,Equity,ELSS Mutual Funds,6,0,0.76,3078.0,8,1.39,0.43,0.94,2.2,26.5,12.0,500
Tata Infrastructure Fund,Equity,Sectoral / Thematic Mutual Funds,6,3,1.42,950.0,10,1.73,9.44,0.63,14.0,35.0,13.1,150
Tata Large & Mid Cap Fund,Equity,Large & Mid Cap Funds,6,4,0.89,3680.0,10,1.46,2.58,0.94,8.8,33.5,14.0,150
Tata Large Cap Fund,Equity,Large Cap Mutual Funds,6,2,1.24,1365.0,10,1.35,0.45,0.94,1.8,25.7,11.3,150
Tata Liquid Fund,Debt,Liquid Mutual Funds,2,3,0.21,18212.0,10,0.93,1.42,0.8,5.6,4.4,5.3,150
Tata Mid Cap Growth Fund,Equity,Mid Cap Mutual Funds,6,3,0.98,1759.0,10,1.61,0.16,0.87,1.3,29.2,13.5,150
Tata Money Market Fund,Debt,Money Market Funds,3,5,0.17,8814.0,10,2.05,2.92,1.18,5.7,5.6,4.8,150
Tata Nifty 50 Index Fund,Other,Index Funds,6,3,0.16,369.0,10,1.31,-0.56,0.98,1.0,25.6,12.0,150
Tata Overnight Fund,Debt,Overnight Mutual Funds,1,3,0.09,3236.0,4,-0.3,0.47,0.43,5.4,3.9,8.9,1000
Tata Resources & Energy Fund,Equity,Sectoral / Thematic Mutual Funds,6,0,0.91,232.0,7,1.44,16.72,0.49,-3.4,34.7,15.5,150
Tata Retirement Savings Fund,Solution Oriented,Retirement Funds,6,3,0.68,1557.0,10,1.12,0.12,0.72,0.5,19.3,9.4,150
Tata Retirement Savings Fund,Solution Oriented,Retirement Funds,6,2,0.67,1259.0,10,1.26,0.52,0.79,-0.7,33.7,11.3,150
Tata Retirement Savings Fund,Solution Oriented,Retirement Funds,4,2,0.97,166.0,10,1.19,-1.98,0.79,2.1,9.5,7.1,150
Tata S&P BSE Sensex Index Fund,Other,Index Funds,6,4,0.27,174.0,10,1.26,-1.23,0.99,2.4,25.1,12.8,150
Tata Short Term Bond Fund,Debt,Short Duration Funds,2,3,0.37,2271.0,10,0.99,4.74,2.16,4.7,6.6,5.8,150
Tata Small Cap Fund,Equity,Small Cap Mutual Funds,6,4,0.26,3300.0,4,2.12,11.28,0.77,17.1,44.1,8.9,150
Tata Treasury Advantage Fund,Debt,Low Duration Funds,2,3,0.3,2602.0,10,1.58,3.08,1.28,5.0,5.6,5.2,150
Tata Ultra Short Term Fund,Debt,Ultra Short Duration Funds,2,4,0.25,1629.0,4,2.03,2.45,1.1,5.5,5.1,8.9,150
Tata Young Citizens Fund,Solution Oriented,Childrens Funds,6,0,1.8,257.0,10,1.46,1.44,0.9,1.5,27.3,10.3,500
Taurus Banking & Financial Services-Direct Growth,Equity,Sectoral / Thematic Mutual Funds,6,4,1.66,8.91,10,0.93,-0.23,0.87,9.0,21.9,11.9,1000
Taurus Discovery (Midcap) Fund,Equity,Mid Cap Mutual Funds,6,3,2.19,74.0,10,1.27,-5.29,0.93,3.6,26.4,10.9,1000
Taurus Ethical Fund,Equity,Sectoral / Thematic Mutual Funds,6,0,1.18,84.0,10,1.29,0.83,0.73,-3.5,22.3,11.4,1000
Taurus Flexi Cap Fund,Equity,Flexi Cap Funds,6,1,2.59,233.0,10,1.02,-4.83,0.91,-4.1,20.2,5.4,1000
Taurus Infrastructure Fund,Equity,Sectoral / Thematic Mutual Funds,6,3,2.02,5.12,10,1.32,3.64,0.56,-0.7,25.3,8.9,1000
Taurus Largecap Equity Fund,Equity,Large Cap Mutual Funds,6,1,0.44,30.0,10,0.94,-5.6,0.96,-2.5,19.5,7.6,1000
Taurus Nifty 50 Index Fund,Other,Index Funds,6,0,0.44,2.38,10,1.33,-0.33,0.98,1.2,25.8,12.3,1000
Taurus Tax Shield – Direct Growth,Equity,ELSS Mutual Funds,6,3,1.73,59.0,10,1.47,2.15,0.76,6.8,24.4,10.6,500
Templeton India Equity Income Fund,Equity,Dividend Yield Funds,6,0,1.3,1350.0,10,2.26,13.72,0.7,8.3,37.7,14.5,500
Templeton India Value Fund,Equity,Value Funds,6,3,0.91,845.0,10,1.76,10.68,0.98,13.1,39.4,12.3,500
TRUSTMF Banking & PSU Debt Fund,Debt,Banking and PSU Mutual Funds,3,2,0.21,345.0,2,-,-,-,3.0,18.5,8.9,1000
TRUSTMF Liquid Fund,Debt,Liquid Mutual Funds,2,2,0.1,205.0,2,-,-,-,5.6,18.5,8.9,1000
TRUSTMF Short Term Fund,Debt,Short Duration Funds,2,2,0.23,94.0,2,-,-,-,4.2,18.5,8.9,1000
Union Arbitrage Fund,Hybrid,Arbitrage Mutual Funds,1,3,0.44,72.0,4,0.63,1.51,0.79,5.0,4.4,8.9,500
Union Balanced Advantage Fund,Hybrid,Dynamic Asset Allocation or Balanced Advantage,3,3,0.94,1679.0,5,1.36,1.73,0.64,3.6,18.3,10.2,500
Union Corporate Bond Fund,Debt,Corporate Bond Mutual Funds,2,2,0.45,390.0,5,0.6,1.1,0.85,3.1,6.2,8.9,1000
Union Dynamic Bond Fund,Debt,Dynamic Bond,3,1,1.29,92.0,10,0.04,-0.29,1.41,2.6,4.7,6.0,1000
Union Equity Savings Fund,Hybrid,Equity Savings Mutual Funds,3,2,1.47,133.0,5,1.17,0.32,0.91,2.0,10.8,8.9,500
Union Flexi Cap Fund,Equity,Flexi Cap Funds,6,4,1.06,1337.0,10,1.43,1.28,0.92,0.6,27.7,12.9,500
Union Focused Fund,Equity,Focused Funds,6,4,1.57,317.0,4,1.44,1.82,0.85,-0.1,26.2,8.9,500
Union Large & Midcap Fund,Equity,Large & Mid Cap Funds,6,3,1.2,396.0,3,1.42,2.26,0.93,0.7,27.6,8.9,500
Union Largecap Fund,Equity,Large Cap Mutual Funds,6,2,1.8,230.0,6,1.24,-1.55,0.97,0.1,24.3,9.9,1000
Union Liquid Fund,Debt,Liquid Mutual Funds,2,4,0.07,1688.0,10,1,1.4,0.76,5.7,4.4,4.6,2000
Union Long Term Equity Fund,Equity,ELSS Mutual Funds,6,4,1.62,573.0,10,1.49,2.09,0.92,2.3,28.5,12.8,500
Union Medium Duration Fund,Debt,Medium Duration Funds,3,2,0.64,170.0,3,-,-,-,2.3,18.5,8.9,500
Union Money Market Fund,Debt,Money Market Funds,2,3,0.24,144.0,2,-,-,-,5.4,18.5,8.9,2000
Union Overnight Fund,Debt,Overnight Mutual Funds,1,3,0.08,158.0,4,-0.04,0.55,0.42,5.4,3.9,8.9,2000
Union Small Cap Fund,Equity,Small Cap Mutual Funds,6,3,1.35,710.0,9,1.77,5.81,0.75,-0.1,37.1,12.8,500
Union Value Discovery Fund,Equity,Value Funds,6,3,1.59,144.0,4,1.43,2.11,0.99,2.9,29.7,8.9,500
UTI-Arbitrage Fund,Hybrid,Arbitrage Mutual Funds,1,3,0.34,3532.0,10,1.11,1.42,0.5,5.4,4.7,5.5,500
UTI-Banking & PSU Debt Fund,Debt,Banking and PSU Mutual Funds,3,1,0.24,524.0,9,0.94,1.2,-1.51,11.0,7.9,5.6,500
UTI-Banking and Financial Services Fund,Equity,Sectoral / Thematic Mutual Funds,6,1,1.39,824.0,10,0.98,1.05,0.94,8.2,24.4,6.7,500
UTI-Bond Fund,Debt,Medium to Long Duration Funds,3,5,1.29,285.0,10,0.96,5.68,0.72,12.0,10.4,4.4,500
UTI-CCF Investment Plan – Direct Growth,Solution Oriented,Childrens Funds,6,0,1.52,685.0,10,0.95,-0.7,0.94,-3.3,24.1,10.1,500
UTI-Core Equity Fund,Equity,Large & Mid Cap Funds,6,2,1.68,1506.0,10,1.58,4.97,0.96,4.1,30.7,10.2,500
UTI-Corporate Bond Fund,Debt,Corporate Bond Mutual Funds,2,3,0.23,3092.0,5,0.89,1.63,0.74,4.2,6.5,8.9,500
UTI-Credit Risk Fund,Debt,Credit Risk Funds,4,4,0.81,438.0,10,0.41,0.94,-2.54,5.0,8.3,-0.9,500
UTI-Dividend Yield Fund,Equity,Dividend Yield Funds,6,0,1.45,2786.0,10,1.41,1.9,0.82,-1.5,26.8,11.3,500
UTI-Dynamic Bond Fund,Debt,Dynamic Bond,3,3,0.81,469.0,10,0.96,6.35,0.56,12.5,11.0,6.3,500
UTI-Equity Savings Fund,Hybrid,Equity Savings Mutual Funds,3,4,0.68,257.0,5,1.75,3.98,0.91,6.1,14.7,8.9,0
UTI-Flexi Cap Fund,Equity,Flexi Cap Funds,6,4,0.9,23944.0,10,1.14,-2.88,0.97,-9.0,22.5,12.2,500
UTI-Floater Fund,Debt,Floater Mutual Funds,2,3,0.35,1637.0,4,1.45,3.41,1.41,5.1,5.9,8.9,500
UTI-Gilt Fund,Debt,Gilt Mutual Funds,3,3,0.67,517.0,10,0.38,0.47,0.55,5.0,5.0,7.3,500
UTI-Healthcare Fund,Equity,Sectoral / Thematic Mutual Funds,6,0,1.47,655.0,10,0.91,1.12,0.94,-9.0,22.0,12.0,500
UTI-Hybrid Equity Fund,Hybrid,Aggressive Hybrid Mutual Funds,6,3,1.34,4286.0,10,1.69,5.77,0.84,5.3,25.8,9.8,500
UTI-India Consumer Fund,Equity,Sectoral / Thematic Mutual Funds,6,1,1.8,436.0,10,1.09,-1.44,0.71,-0.5,18.0,8.4,500
UTI-Infrastructure Fund,Equity,Sectoral / Thematic Mutual Funds,6,2,1.92,1445.0,10,1.38,3.52,0.67,12.9,28.0,9.4,500
UTI-Liquid – Cash Plan – Direct Growth,Debt,Liquid Mutual Funds,2,4,0.14,31463.0,10,0.98,1.41,0.77,5.7,4.4,5.3,0
UTI-Long Term Equity Fund,Equity,ELSS Mutual Funds,6,3,0.95,2797.0,10,1.31,-0.52,0.92,-2.9,24.5,10.9,500
UTI-Mastershare – Direct Growth,Equity,Large Cap Mutual Funds,6,4,0.97,10312.0,10,1.29,-0.57,0.93,-2.0,24.2,11.5,500
UTI-Medium Term Fund,Debt,Medium Duration Funds,3,2,1.0,54.0,8,0.35,0.85,0.8,3.7,5.4,4.6,500
UTI-Mid Cap Fund,Equity,Mid Cap Mutual Funds,6,3,0.99,7077.0,10,1.65,1.03,0.89,0.4,31.1,11.4,500
UTI-MNC Fund,Equity,Sectoral / Thematic Mutual Funds,6,0,1.24,2366.0,10,1.14,-0.64,0.62,3.3,18.1,7.9,500
UTI-Money Market Fund,Debt,Money Market Funds,3,4,0.2,7897.0,10,1.98,2.75,1.18,5.6,5.3,6.2,500
UTI-Multi Asset Fund,Hybrid,Multi Asset Allocation Mutual Funds,6,2,1.04,860.0,10,1.28,1.01,0.64,4.9,16.5,7.5,500
UTI-Nifty 50 Index Fund,Other,Index Funds,6,3,0.2,9475.0,10,1.31,-0.6,1,0.9,26.2,12.0,500
UTI-Nifty Next 50 Index Fund,Other,Index Funds,6,2,0.33,1926.0,5,0.97,-4.62,0.99,-6.4,22.2,8.9,0
UTI-Overnight Fund,Debt,Overnight Mutual Funds,1,3,0.07,5600.0,10,0.02,0.6,0.44,5.4,3.9,4.6,500
UTI-Regular Savings Fund,Hybrid,Conservative Hybrid Mutual Funds,4,3,1.2,1544.0,10,1.7,3.42,0.73,3.7,13.5,7.2,500
UTI-Retirement Benefit Pension Plan – Direct,Solution Oriented,Retirement Funds,5,0,1.05,3687.0,10,1.88,4.37,0.45,5.2,17.2,7.5,500
UTI-Short Term Income Fund,Debt,Short Duration Funds,3,5,0.33,2269.0,10,1.33,4.95,0.82,5.0,8.5,5.4,500
UTI-Transportation & Logistics Fund,Equity,Sectoral / Thematic Mutual Funds,6,0,1.03,1908.0,10,1.57,10.26,0.83,14.1,32.9,5.1,500
UTI-Treasury Advantage Fund,Debt,Low Duration Funds,2,5,0.33,2565.0,10,1.14,3.18,0.14,5.2,7.3,4.8,500
UTI-Ultra Short Term Fund,Debt,Ultra Short Duration Funds,3,5,0.44,2130.0,10,1.3,2.62,0.49,5.4,6.1,5.7,500
UTI-Unit Linked Insurance Plan – Direct,Hybrid,Dynamic Asset Allocation or Balanced Advantage,4,0,0.96,5068.0,10,1.29,0.92,0.44,-0.7,13.1,6.2,500
UTI-Value Opportunities Fund,Equity,Value Funds,6,4,1.16,6740.0,10,1.48,2.73,0.9,1.7,27.2,12.2,500
WhiteOak Capital Liquid Fund,Debt,Liquid Mutual Funds,1,1,0.26,197.0,4,-0.07,0.93,0.72,5.3,3.8,8.9,500
WhiteOak Capital Overnight Fund,Debt,Overnight Mutual Funds,1,1,0.22,14.0,4,-0.07,0.93,0.72,1.7,32.4,13.3,500
WhiteOak Capital Ultra Short Term Fund,Debt,Ultra Short Duration Funds,1,2,0.33,141.0,4,0.8,1.2,0.47,5.3,4.5,8.9,500
